account_id,ytd_implant_sales,ly_implant_sales,ytd_implant_remakes
ALSEMA,7170.99,22310.0,0.0
CORJER,6660.92,20155.2,0.0
PERLUI,6205.98,9796.9,1268.95
STOMARC,4673.9,10719.99,155.0
CUARACMOK,4473.9,13602.64,0.0
SULKHAFL,4320.0,4505.0,0.0
FIEJAM,4123.96,15155.68,109.97
MALRYA,3902.8900000000003,10868.96,0.0
NUCMAG,3779.9799999999996,5244.0,0.0
HANPATSK,3499.95,1600.0,0.0
SUNJOO,3428.8,5717.92,399.98
LUCPAULYO,3329.98,3415.0,0.0
SAMJACSTC,3266.26,11389.95,399.98
LUKPAU,3224.95,2699.99,59.98
ANDMAR,3222.0,8862.0,0.0
NISLIN,3163.91,2085.98,394.99
FELNIC,3069.8900000000003,12252.55,59.98
SINMAN,3059.99,3668.9700000000003,0.0
LOVJAM,3009.94,8162.320000000001,0.0
KORMIK,2998.9,7308.0,789.98
LEBRAFB,2922.3500000000004,12554.58,0.0
RAIMANNA,2874.0,9005.79,0.0
TAPGAR,2825.0,11932.65,0.0
KHASUM,2804.9,8612.38,0.0
REMTHO,2661.94,3210.46,0.0
GAFMEG,2649.9,10599.47,0.0
WITMAT,2555.0,6451.87,0.0
CHANHWA,2539.95,8001.0,0.0
KUCMAR,2533.98,5653.95,0.0
GENPAT,2511.96,5394.19,25.0
BERDERCP,2499.9300000000003,2425.0,0.0
HUBMAR,2494.93,4816.0,0.0
GAFCOL,2494.87,9377.56,0.0
THOJAM,2434.95,6286.99,0.0
TUCELILV,2387.95,1714.97,29.99
RAIMAN,2293.9700000000003,2840.99,0.0
PAPAMI,2265.91,3824.9,0.0
LOPEST,2265.0,5164.99,475.0
YERPAT,2148.38,5011.07,450.0
FRAMIC,2142.92,6893.44,248.99
PETRYA,2096.0,856.0,0.0
BAPBENNR,2018.94,1568.72,0.0
NIEMAR,2017.91,9043.08,611.0
RIYTARCHI,1988.96,0.0,0.0
RASMOSFL,1912.0,2390.0,0.0
TYSMONLB,1893.95,2927.0,0.0
PATUMA,1883.96,4992.99,248.99
VANMATWS,1829.98,1969.0,0.0
SUKMAJ,1777.95,2667.98,0.0
NICJEF,1773.96,7226.0,359.99
ANKSHA,1759.98,0.0,0.0
MCCSCO,1749.95,7154.0,0.0
ABUSIM,1688.94,1867.98,199.99
AHMSAN,1644.98,1757.0,0.0
OCAJAM,1634.97,0.0,0.0
CHAROB,1619.98,2203.7,0.0
COOJAN,1572.0,4448.0,0.0
BERDANLAP,1569.98,2033.0,59.98
MORCHR,1548.94,3174.99,0.0
BEAJOH,1506.0,738.0,0.0
LINVIN,1484.98,4818.99,0.0
PATNEE,1444.99,194.0,0.0
PATMAR,1400.0,65.0,0.0
GATGUY,1389.95,3203.98,0.0
SINPAU,1384.49,2136.96,0.0
RANMAR,1376.96,2947.0,0.0
JURAND,1375.0,4649.99,0.0
OLUMOR,1373.98,2924.0,0.0
YIANIC,1356.99,3482.0,0.0
WEITHO,1345.99,0.0,394.99
HANEMIMUN,1308.99,9450.0,999.0
OBEGAR,1294.96,5401.98,0.0
TADSIM,1260.95,389.0,0.0
SINSUN,1236.98,3591.0,0.0
BAPBEN,1194.97,0.0,0.0
KAKMON,1186.46,1514.0,397.49
LEBRAF,1184.97,8010.84,0.0
HOIWIL,1169.98,2049.99,0.0
LAGRIC,1096.97,243.0,0.0
NIEJOS,1064.98,0.0,0.0
WALSCO,1049.98,3391.4,0.0
SIETOM,987.0,6402.98,0.0
PHIJOSCHI,977.98,2291.0,0.0
PATAME,958.0,0.0,0.0
GRISET,937.0,1229.0,0.0
KIMGIN,935.0,0.0,0.0
HERCARMU,887.98,771.98,0.0
HOLMARLA,849.0,1171.9,0.0
VERVIN,839.0,2030.0,0.0
BALJOS,837.99,5131.5,239.0
KMADAN,834.0,2255.98,0.0
WELPAI,827.0,3386.0,633.99
SHEATM,818.0,780.0,0.0
JUEDAV,799.96,3239.96,0.0
TRALUA,798.0,0.0,0.0
LEEALI,789.98,469.0,0.0
BOYMIC,783.99,5562.97,0.0
BACOLG,723.99,0.0,0.0
RYASEA,713.0,1030.4,262.0
SYLCOLBL,699.98,4506.33,0.0
SANJAM,686.99,4312.97,0.0
KATAND,648.97,2872.0,0.0
JONSYR,647.98,243.0,0.0
ATHJOH,622.96,9282.54,0.0
LEEANT,619.98,2133.0,0.0
BERDANCP,609.99,0.0,0.0
RHICAT,599.96,4624.92,0.0
MANTRE,594.98,5220.969999999999,29.99
LENMIC,594.98,2962.96,0.0
LEZBEA,582.38,2639.98,0.0
AUSMIC,565.0,0.0,394.99
LITALY,564.59,0.0,0.0
SKRLEO,549.99,4666.969999999999,0.0
PAIADI,500.0,0.0,0.0
LACMAT,500.0,0.0,0.0
CONJONMO,487.0,0.0,0.0
KHASAMNA,475.0,0.0,0.0
THADEVOP,475.0,0.0,0.0
GANPOO,475.0,1025.0,0.0
KAUHAR,471.0,588.0,0.0
JANREBP,464.0,575.0,0.0
RAOPOO,450.0,350.0,0.0
CHINIC,415.0,2549.9700000000003,0.0
SOOANUHE,399.98,1902.0,0.0
LAMLOR,399.98,926.0,0.0
LIGLAU,399.98,2515.99,0.0
POLNIC,389.98,2886.09,0.0
COHADA,389.0,0.0,0.0
ALIFAT,389.0,1226.0,389.0
HASFAY,388.0,0.0,0.0
MACHAZ,386.5,211.0,0.0
THASAMWE,379.98,0.0,0.0
CASLEN,350.0,1250.98,0.0
MCCMICLY,350.0,0.0,0.0
ARRLIN,349.99,344.0,0.0
DABJOS,349.99,644.0,0.0
HUFALIHIN,349.99,1932.0,0.0
FULKAL,349.99,0.0,0.0
BECDEN,347.99,787.0,0.0
CERGAI,343.2,575.64,0.0
WERROB,304.2,0.0,0.0
PATKRURO,304.0,558.0,0.0
PETCHR,300.0,2745.99,0.0
KILHAL,300.0,0.0,0.0
DREMATNV,299.98,999.0,100.0
LATKIMPAL,299.0,0.0,0.0
MARROM,258.0,1146.8,0.0
MENMAR,249.6,0.0,0.0
FRATER,248.99,1079.0,0.0
KLUANGFL,248.99,0.0,0.0
VOHSAF,248.99,497.98,0.0
RYCJUAFL,239.0,239.0,0.0
SHASYE,221.99,0.0,0.0
GRAVICDES,199.99,786.99,0.0
KOWKARDG,194.5,74.0,194.5
CORKAT,190.0,920.0,0.0
TADSIMFL,168.0,0.0,0.0
BECJAM,156.0,0.0,0.0
SWEMAT,150.0,660.99,0.0
WADAMY,143.0,4582.73,0.0
PATMON,129.0,0.0,0.0
LEEAND,105.3,524.0,0.0
LAPANT,98.0,2137.99,0.0
SHADHALA,98.0,6439.97,0.0
SAFTAR,78.99,0.0,0.0
ARANAD,77.0,0.0,0.0
MADABD,75.0,3768.0,0.0
JANPET,71.5,5925.0,0.0
LEURINSV,59.98,917.0,0.0
CHUMAN,49.98,330.95,0.0
WORJOE,28.28,24.38,0.0
CHUMANRV,24.99,0.0,0.0
LEEJAYRV,24.99,49.98,0.0
GOEPAN,20.0,1815.99,0.0
MOMALL,0.0,0.0,0.0
MONMAR,0.0,0.0,0.0
PATRAU,0.0,0.0,0.0
PATRAJBD,0.0,0.0,0.0
PATPRA,0.0,0.0,0.0
PATPINNV,0.0,0.0,0.0
MARJOH,0.0,0.0,0.0
PATPAROL,0.0,0.0,0.0
PATPARNAP,0.0,0.0,0.0
MARKIL,0.0,0.0,0.0
PATNIT,0.0,0.0,0.0
PATNIK,0.0,0.0,0.0
MARMAR,0.0,0.0,0.0
MARSCO,0.0,0.0,0.0
PATMOH,0.0,0.0,0.0
MARSTE,0.0,0.0,0.0
MARSUB,0.0,0.0,0.0
PATLEE,0.0,589.5,0.0
MARSUBOS,0.0,0.0,0.0
PATKRU,0.0,0.0,0.0
PATKIN,0.0,0.0,0.0
PATRIC,0.0,0.0,0.0
PATSHERV,0.0,0.0,0.0
PATSHIBV,0.0,0.0,0.0
PAUMIC,0.0,0.0,0.0
PAYLEE,0.0,0.0,0.0
PAVVIC,0.0,0.0,0.0
PAUVAL,0.0,0.0,0.0
MANTOD,0.0,0.0,0.0
MARALI,0.0,0.0,0.0
PAUTAT,0.0,0.0,0.0
PAUMICBL,0.0,479.0,0.0
MARANTMD,0.0,0.0,0.0
MARAUSNP,0.0,0.0,0.0
MARJAMBOU,0.0,0.0,0.0
PATUMAPH,0.0,6149.59,448.0
MARDAN,0.0,0.0,0.0
MARDAVMD,0.0,0.0,0.0
PATULKPR,0.0,0.0,0.0
MARJAM,0.0,0.0,0.0
PATTRU,0.0,0.0,0.0
PATSOH,0.0,0.0,0.0
PATSMIFP,0.0,0.0,0.0
PATKAVCHI,0.0,0.0,0.0
PATJIG,0.0,0.0,0.0
PATGAR,0.0,0.0,0.0
PARAJE,0.0,0.0,0.0
PARISH,0.0,0.0,0.0
PARGIL,0.0,958.0,0.0
PARCAR,0.0,0.0,0.0
MATCHR,0.0,0.0,0.0
PARAYE,0.0,0.0,0.0
PARANT,0.0,0.0,0.0
PARANG,0.0,0.0,0.0
MATEDD,0.0,0.0,0.0
PAPRIC,0.0,0.0,0.0
PARMAU,0.0,0.0,0.0
PAPRAC,0.0,0.0,0.0
MATFELKE,0.0,652.0799999999999,0.0
PAPMAR,0.0,0.0,0.0
PAPATHNL,0.0,0.0,0.0
PAPATH,0.0,0.0,0.0
MATJOSBL,0.0,0.0,0.0
PAOGAB,0.0,0.0,0.0
PANANE,0.0,5274.99,0.0
PARKRURO,0.0,1366.96,0.0
PARRIC,0.0,0.0,0.0
PATELRITA,0.0,0.0,0.0
PATBRI,0.0,0.0,0.0
PATELPIN,0.0,0.0,0.0
MARTIN,0.0,0.0,0.0
PATDHASHW,0.0,0.0,0.0
MASJOH,0.0,475.0,0.0
PATDHAMP,0.0,0.0,0.0
PATDEERV,0.0,0.0,0.0
PATDEE,0.0,0.0,0.0
PATBRIDP,0.0,0.0,0.0
PATBIN,0.0,0.0,0.0
PARROG,0.0,0.0,0.0
PATAMR,0.0,0.0,0.0
MASJOHVT,0.0,0.0,0.0
PASROB,0.0,0.0,0.0
MASMIC,0.0,0.0,0.0
PASKAR,0.0,350.0,0.0
MASSJOHN,0.0,0.0,0.0
PASJIL,0.0,0.0,0.0
PARSTEV,0.0,0.0,0.0
PAYMAR,0.0,0.0,0.0
PENPAT,0.0,0.0,0.0
PERJON,0.0,0.0,0.0
PPHOMBRI,0.0,0.0,0.0
PRIBRU,0.0,0.0,0.0
MACMAR,0.0,0.0,0.0
MACRAM,0.0,0.0,0.0
PPWITLEO,0.0,0.0,0.0
PPSTOMAR,0.0,0.0,0.0
MACTHO,0.0,0.0,0.0
PPNATKEV,0.0,0.0,0.0
PPKENMAR,0.0,0.0,0.0
PPHANEMIE,0.0,0.0,0.0
PRILORBL,0.0,2505.14,0.0
PPBURJON,0.0,0.0,0.0
POWLINEH,0.0,194.0,0.0
MAGCON,0.0,0.0,0.0
POWJOS,0.0,0.0,0.0
MAHHAR,0.0,0.0,0.0
POTJAM,0.0,0.0,0.0
MAJMIC,0.0,0.0,0.0
POTGAR,0.0,0.0,0.0
PRILOR,0.0,300.0,0.0
MACJAM,0.0,0.0,0.0
POSSHA,0.0,0.0,0.0
PROMAR,0.0,0.0,0.0
PURJYO,0.0,0.0,0.0
PULPETSEN,0.0,46.8,0.0
PULPETPLA,0.0,0.0,0.0
PULPETCC,0.0,0.0,0.0
PULJOS,0.0,0.0,0.0
PULJON,0.0,0.0,0.0
PULERI,0.0,0.0,0.0
PULDON,0.0,0.0,0.0
PROLAB,0.0,0.0,0.0
MACHAR,0.0,0.0,0.0
PRODON,0.0,1500.0,0.0
PRODENT,0.0,0.0,0.0
PROALMBB,0.0,0.0,0.0
PROALM,0.0,0.0,0.0
LYZWIL,0.0,0.0,0.0
MACERIMU,0.0,5334.0,0.0
PROALA,0.0,0.0,0.0
PRILOREVA,0.0,0.0,0.0
POTCHR,0.0,129.0,0.0
POSLIN,0.0,0.0,0.0
MANTHOCH,0.0,0.0,0.0
PETJOH,0.0,0.0,0.0
PICGIN,0.0,3069.0,0.0
PIATHO,0.0,0.0,0.0
MANMATJ,0.0,0.0,0.0
PHIJOSCH,0.0,0.0,0.0
PHIJOS,0.0,0.0,0.0
MANNATPH,0.0,0.0,0.0
PETMAR,0.0,0.0,0.0
PETLEO,0.0,0.0,0.0
PETJAS,0.0,0.0,0.0
MANMAROP,0.0,0.0,0.0
PETDAVIN,0.0,0.0,0.0
PETDAV,0.0,0.0,0.0
MANTHO,0.0,0.0,0.0
PETBRY,0.0,0.0,0.0
PERTIM,0.0,0.0,0.0
PERMIC,0.0,0.0,0.0
PERMARTI,0.0,98.0,0.0
PERMAR,0.0,0.0,0.0
PINMIC,0.0,0.0,0.0
MANMARG,0.0,0.0,0.0
POSJOY,0.0,0.0,0.0
PONANT,0.0,49.0,0.0
MAKJOS,0.0,0.0,0.0
POSBRI,0.0,0.0,0.0
POPNAT,0.0,124.8,0.0
POPDAN,0.0,0.0,0.0
MALJAM,0.0,0.0,0.0
MANEDWLD,0.0,1808.0,789.98
PONKAY,0.0,0.0,0.0
MANGEOOB,0.0,0.0,0.0
MANGEOPR,0.0,0.0,0.0
PINMICH,0.0,0.0,0.0
POLALE,0.0,0.0,0.0
POKGAI,0.0,0.0,0.0
POGTHO,0.0,0.0,0.0
POGROG,0.0,0.0,0.0
PLAROB,0.0,0.0,0.0
MANJON,0.0,0.0,0.0
PISSUS,0.0,0.0,0.0
PISNIC,0.0,0.0,0.0
MATJOSLOW,0.0,369.0,0.0
MATMIC,0.0,0.0,0.0
PAMPAU,0.0,0.0,0.0
MILCRA,0.0,0.0,0.0
MYRCATH,0.0,0.0,0.0
MYEMIT,0.0,0.0,0.0
MYCRONLA,0.0,954.0,0.0
MICMAROP,0.0,0.0,0.0
MIDZAC,0.0,0.0,0.0
MYCRON,0.0,0.0,0.0
MIJRON,0.0,0.0,0.0
MUSSHA,0.0,0.0,0.0
MUSSCODO,0.0,350.0,0.0
NAGRUC,0.0,0.0,0.0
MUSSCO,0.0,0.0,0.0
MURTHO,0.0,0.0,0.0
MURTHE,0.0,0.0,0.0
MURPNED,0.0,0.0,0.0
MURPET,0.0,0.0,0.0
MURMAR,0.0,0.0,0.0
MILJAM,0.0,0.0,0.0
MILMAR,0.0,0.0,0.0
MICJOS,0.0,0.0,0.0
NAJSAB,0.0,0.0,0.0
MUNART,0.0,0.0,0.0
NAVODI,0.0,0.0,0.0
NEULAR,0.0,0.0,0.0
NESING,0.0,0.0,0.0
NELNIC,0.0,0.0,0.0
NELERI,0.0,0.0,0.0
NEETERR,0.0,0.0,0.0
NEAPHI,0.0,0.0,0.0
NEANEA,0.0,0.0,0.0
MEYGAR,0.0,0.0,0.0
NATKEV,0.0,0.0,0.0
NAPSTE,0.0,0.0,0.0
MEYTHO,0.0,0.0,0.0
MEYTHODS,0.0,0.0,0.0
NASJAM,0.0,0.0,0.0
MICJOH,0.0,0.0,0.0
MICJOHLA,0.0,524.0,0.0
NARNUP,0.0,0.0,0.0
NARMEE,0.0,0.0,0.0
NAPSTEAU,0.0,0.0,0.0
MURKAR,0.0,0.0,0.0
MILNAT,0.0,0.0,0.0
MENGEN,0.0,0.0,0.0
MORCHE,0.0,0.0,0.0
MORMICVH,0.0,0.0,0.0
MORMIC,0.0,0.0,0.0
MORKEN,0.0,0.0,0.0
MOHSHA,0.0,0.0,0.0
MOLALY,0.0,0.0,0.0
MOLRYA,0.0,0.0,0.0
MORDENPLA,0.0,0.0,0.0
MOLRYASH,0.0,0.0,0.0
MOOMIC,0.0,0.0,0.0
MOHSAQ,0.0,0.0,0.0
MOOJOHOP,0.0,0.0,0.0
MOOJOHOL,0.0,0.0,0.0
MOOJOHHOM,0.0,0.0,0.0
MOOJOHBOU,0.0,0.0,0.0
MOOJOH,0.0,0.0,0.0
MONREBSB,0.0,0.0,0.0
MONMARNV,0.0,0.0,0.0
MOLWIL,0.0,0.0,0.0
MORPAU,0.0,258.0,0.0
MOHKHA,0.0,0.0,0.0
MILPAU,0.0,0.0,0.0
MOYPHI,0.0,0.0,0.0
MULJEN,0.0,0.0,0.0
MILTOM,0.0,0.0,0.0
MINMIC,0.0,0.0,0.0
MUIJOHLE,0.0,2761.0,0.0
MUIJOH,0.0,0.0,0.0
MISDHI,0.0,0.0,0.0
MITLEE,0.0,0.0,0.0
MUIGEO,0.0,0.0,0.0
MOUTAR,0.0,0.0,0.0
MORSTE,0.0,0.0,0.0
MITPAT,0.0,0.0,0.0
MOTFARFR,0.0,0.0,0.0
MOTFAR,0.0,1172.0,0.0
MOSTOM,0.0,0.0,0.0
MOSTIM,0.0,139.6,0.0
MOSKEV,0.0,0.0,0.0
MOAMIC,0.0,0.0,0.0
MORSTECH,0.0,0.0,0.0
NEWDAV,0.0,0.0,0.0
NEWTAY,0.0,0.0,0.0
PALMIG,0.0,0.0,0.0
MCCJOS,0.0,951.0,0.0
MAZSUS,0.0,0.0,0.0
MCAJES,0.0,0.0,0.0
MCBCHL,0.0,0.0,0.0
MCBGRE,0.0,0.0,0.0
MCCFAM,0.0,0.0,0.0
ONIJEF,0.0,1320.0,0.0
MCCJAM,0.0,0.0,0.0
OLORIT,0.0,0.0,0.0
OLEMAR,0.0,0.0,0.0
OPHKAROF,0.0,0.0,0.0
OLEGRE,0.0,0.0,0.0
OKENAN,0.0,0.0,0.0
OGRLIS,0.0,0.0,0.0
OGADEL,0.0,0.0,0.0
OFLPATWR,0.0,0.0,0.0
OFLPAT,0.0,0.0,0.0
MCCRYAGEN,0.0,0.0,0.0
MCDTHO,0.0,0.0,0.0
OPHKARA,0.0,0.0,0.0
OPIERN,0.0,0.0,0.0
MCGKEL,0.0,0.0,0.0
MAYCHR,0.0,0.0,0.0
PALGAR,0.0,0.0,0.0
PALCHR,0.0,0.0,0.0
PALARONEWL,0.0,0.0,0.0
MATSIN,0.0,0.0,0.0
PAHLOU,0.0,0.0,0.0
PAGPET,0.0,0.0,0.0
PAGCARFF,0.0,0.0,0.0
PAGCAR,0.0,0.0,0.0
OZIERI,0.0,0.0,0.0
OREBER,0.0,0.0,0.0
OTTERI,0.0,0.0,0.0
OSOCLA,0.0,0.0,0.0
ORSSTE,0.0,0.0,0.0
ORNJOSSTJ,0.0,0.0,0.0
ORNJOSLAP,0.0,0.0,0.0
ORNJOSCP,0.0,0.0,0.0
MAZANN,0.0,0.0,0.0
OREBRA,0.0,0.0,0.0
ODOKAR,0.0,0.0,0.0
ODOJOS,0.0,0.0,0.0
PURRAJ,0.0,0.0,0.0
NICMIC,0.0,0.0,0.0
MCNJOHLZ,0.0,868.0,0.0
NIHJOH,0.0,0.0,0.0
MCSJAM,0.0,0.0,0.0
MCVRAN,0.0,0.0,0.0
NICVIN,0.0,0.0,0.0
NICRIC,0.0,0.0,0.0
MEDCEL,0.0,0.0,0.0
MEESTE,0.0,0.0,0.0
MELADIPR,0.0,0.0,0.0
NIKCHRCH,0.0,124.8,0.0
MELALL,0.0,0.0,0.0
NICDEANAH,0.0,0.0,0.0
NGUSTED1,0.0,0.0,0.0
NGUSTE,0.0,0.0,0.0
NGURUB,0.0,0.0,0.0
NGUJOSCH,0.0,0.0,0.0
NGUJOS,0.0,0.0,0.0
NGUDAV,0.0,0.0,0.0
NIKCHR,0.0,0.0,0.0
MCNJOH,0.0,0.0,0.0
OCOKEL,0.0,0.0,0.0
NUNSARCH,0.0,0.0,0.0
MCGMEL,0.0,190.0,0.0
MCGROB,0.0,0.0,0.0
OCOJOH,0.0,0.0,0.0
MCGROBCP,0.0,0.0,0.0
MCKJAM,0.0,0.0,0.0
OBRJOH,0.0,0.0,0.0
MCKTHO,0.0,0.0,0.0
OBAMAR,0.0,0.0,0.0
NUGTIM,0.0,0.0,0.0
MCMSUSPP,0.0,0.0,0.0
NUGBRI,0.0,0.0,0.0
MCLERI,0.0,0.0,0.0
NOVHEI,0.0,0.0,0.0
MCMJIL,0.0,0.0,0.0
NORIRS,0.0,0.0,0.0
NOLMIC,0.0,0.0,0.0
NOHDAV,0.0,0.0,0.0
MCMSUS,0.0,0.0,0.0
NEWTHO,0.0,0.0,0.0
ABDBRU,0.0,738.0,0.0
PUTWIL,0.0,0.0,0.0
TSODIM,0.0,0.0,0.0
TRIRUS,0.0,0.0,0.0
TRIPAY,0.0,0.0,0.0
TREWAY,0.0,0.0,0.0
TREROBWES,0.0,0.0,0.0
TRELIA,0.0,0.0,0.0
TORSUS,0.0,0.0,0.0
TONBRI,0.0,0.0,0.0
TOMCAR,0.0,0.0,0.0
TOLLAW,0.0,0.0,0.0
TOKNIC,0.0,24.99,0.0
TLENAD,0.0,0.0,0.0
TINWEI,0.0,0.0,0.0
TINROB,0.0,0.0,0.0
TINMAR,0.0,0.0,0.0
TINBRI,0.0,0.0,0.0
TIETER,0.0,199.99,0.0
THUHAD,0.0,0.0,0.0
THOSCO,0.0,0.0,0.0
THONAS,0.0,0.0,0.0
THOMIC,0.0,0.0,0.0
THOJOYFL,0.0,0.0,0.0
THOJAS,0.0,0.0,0.0
THASAMWC,0.0,0.0,0.0
TROCHR,0.0,0.0,0.0
TUCAAR,0.0,0.0,0.0
THADEVOL,0.0,0.0,0.0
TUCAARFF,0.0,0.0,0.0
VERANI,0.0,0.0,0.0
VELSAN,0.0,0.0,0.0
VAVROB,0.0,0.0,0.0
VAUKRI,0.0,1805.96,0.0
VARDAV,0.0,0.0,0.0
VANSAG,0.0,0.0,0.0
VANRHO,0.0,0.0,0.0
VANMAT,0.0,0.0,0.0
VANANG,0.0,0.0,0.0
VALPAUBEN,0.0,0.0,0.0
VALIVA,0.0,0.0,0.0
UTAGAB,0.0,0.0,0.0
URDMON,0.0,0.0,0.0
URBEDW,0.0,0.0,0.0
UPPSHA,0.0,0.0,0.0
UNTMIC,0.0,0.0,0.0
ULRRIC,0.0,0.0,0.0
ULLCHR,0.0,0.0,0.0
UICAPP,0.0,0.0,0.0
UHRJOS,0.0,0.0,0.0
TYSMON,0.0,0.0,0.0
TUNPER,0.0,0.0,0.0
TUCAAROL,0.0,0.0,0.0
THASAM,0.0,0.0,0.0
THADEVJOL,0.0,0.0,0.0
VILCOU,0.0,0.0,0.0
SUBMIC,0.0,0.0,0.0
STRROSCH,0.0,0.0,0.0
STRRIC,0.0,0.0,0.0
STRDAVJOL,0.0,0.0,0.0
STOTER,0.0,0.0,0.0
STOSAL,0.0,0.0,0.0
STOMAR,0.0,1392.3,0.0
STOELZ,0.0,0.0,0.0
STITIM,0.0,0.0,0.0
STETODRF,0.0,0.0,0.0
STESTE,0.0,0.0,0.0
STERIC,0.0,0.0,0.0
STEGRE,0.0,0.0,0.0
STEABRSK,0.0,0.0,0.0
STEABR,0.0,0.0,0.0
STAROBT,0.0,0.0,0.0
STANAT,0.0,0.0,0.0
STAMAR,0.0,0.0,0.0
STABRE,0.0,0.0,0.0
SPRTODNA,0.0,0.0,0.0
SPRTOD,0.0,0.0,0.0
SPIKIM,0.0,0.0,0.0
SPEMAR,0.0,0.0,0.0
SPEELI,0.0,0.0,0.0
STUKRI,0.0,623.98,0.0
SUBMICNAP,0.0,0.0,0.0
THADEVHOM,0.0,0.0,0.0
SUDAMINAP,0.0,0.0,0.0
TERSAL,0.0,0.0,0.0
TERDEN,0.0,0.0,0.0
TENROB,0.0,0.0,0.0
TEJDIM,0.0,0.0,0.0
TAUMICLI,0.0,0.0,0.0
TAUMIC,0.0,0.0,0.0
TARJOA,0.0,0.0,0.0
TANFRA,0.0,24.99,0.0
TAMSET,0.0,0.0,0.0
SZESHA,0.0,0.0,0.0
SZASCO,0.0,0.0,0.0
SYLCOL,0.0,0.0,0.0
SYDSHA,0.0,0.0,0.0
SWAMAR,0.0,0.0,0.0
SWAKAR,0.0,0.0,0.0
SVJLJI,0.0,215.8,0.0
SUTVAT,0.0,300.0,0.0
SUTBOZLV,0.0,0.0,0.0
SUTBOZ,0.0,0.0,0.0
SURTIM,0.0,0.0,0.0
SUROBI,0.0,0.0,0.0
SULTHO,0.0,1982.75,0.0
SULBER,0.0,4088.35,0.0
VICHEN,0.0,0.0,0.0
VILGILCH,0.0,688.0,0.0
SPAKAT,0.0,0.0,0.0
YOULAU,0.0,814.0,0.0
YOUEHAALL,0.0,0.0,0.0
YOUEHA,0.0,0.0,0.0
YOKSTEFP,0.0,524.0,0.0
YERROD,0.0,0.0,0.0
YAOWIL,0.0,0.0,0.0
YALMAR,0.0,0.0,0.0
WYSAND,0.0,0.0,0.0
WYGJAY,0.0,0.0,0.0
WUZIJI,0.0,0.0,0.0
WUZIJ,0.0,0.0,0.0
WURMIK,0.0,0.0,0.0
WUEDAN,0.0,0.0,0.0
WRIALE,0.0,62.4,0.0
WREWAL,0.0,0.0,0.0
WORJOH,0.0,0.0,0.0
WOOSAR,0.0,0.0,0.0
WOOLOR,0.0,0.0,0.0
WOOBRI,0.0,0.0,0.0
WONANJ,0.0,0.0,0.0
WOLROB,0.0,0.0,0.0
WOJMAR,0.0,0.0,0.0
WODTHO,0.0,0.0,0.0
WITLEOMOKE,0.0,0.0,0.0
YOUEHACH,0.0,0.0,0.0
YOUMAR,0.0,0.0,0.0
WITJEF,0.0,0.0,0.0
YOUSANRW,0.0,0.0,0.0
ZWICHR,0.0,0.0,0.0
ZUCKAT,0.0,0.0,0.0
ZUBTHO,0.0,0.0,0.0
ZOLMAR,0.0,31.2,0.0
ZMEMAG,0.0,0.0,0.0
ZIOGOR,0.0,0.0,0.0
ZILSIM,0.0,0.0,0.0
ZIERIC,0.0,0.0,0.0
ZIEMARWHE,0.0,0.0,0.0
ZHUYING,0.0,0.0,0.0
ZEFDAV,0.0,0.0,0.0
ZAZLAY,0.0,0.0,0.0
ZAUELIPLA,0.0,0.0,0.0
ZAUELICC,0.0,0.0,0.0
ZAUELIAUR,0.0,0.0,0.0
ZANMAT,0.0,0.0,0.0
ZANMAR,0.0,0.0,0.0
ZAJJAM,0.0,0.0,0.0
ZACMAR,0.0,0.0,0.0
YURMATMO,0.0,1985.69,0.0
YURMAT,0.0,0.0,0.0
YUASTE,0.0,0.0,0.0
YUALEO,0.0,0.0,0.0
WITLEOMOK1,0.0,0.0,0.0
WISWES,0.0,0.0,0.0
VILGILPH,0.0,0.0,0.0
WARTHO,0.0,0.0,0.0
WARCHE,0.0,0.0,0.0
WARAJM,0.0,0.0,0.0
WANTHESCH,0.0,0.0,0.0
WALTIMWES,0.0,0.0,0.0
WALTIMBER,0.0,0.0,0.0
WALSTE,0.0,0.0,0.0
WALNAI,0.0,0.0,0.0
WALMIC,0.0,0.0,0.0
WALGEO,0.0,0.0,0.0
WALCOR,0.0,0.0,0.0
WALBRIOP,0.0,83.2,0.0
WAHMOH,0.0,0.0,0.0
WAGRIC,0.0,0.0,0.0
WADTAMSH,0.0,0.0,0.0
WADTAMFRAN,0.0,0.0,0.0
WADTAM,0.0,0.0,0.0
VYAHARMO,0.0,378.97,0.0
VYAHAR,0.0,681.0,0.0
VOGAAR,0.0,0.0,0.0
VITFRA,0.0,0.0,0.0
VINTIM,0.0,0.0,0.0
VINCENT,0.0,0.0,0.0
VILROS,0.0,0.0,0.0
WARISR,0.0,0.0,0.0
WASWIL,0.0,0.0,0.0
WINJER,0.0,0.0,0.0
WATIRV,0.0,0.0,0.0
WINADMHIN,0.0,0.0,0.0
WINADAGEN,0.0,0.0,0.0
WILPET,0.0,0.0,0.0
WILKEIFA,0.0,0.0,0.0
WILJIL,0.0,0.0,0.0
WILCAR,0.0,0.0,0.0
WILANN,0.0,0.0,0.0
WIEAND,0.0,0.0,0.0
WIDKRY,0.0,0.0,0.0
WHIRAY,0.0,0.0,0.0
WHIJAC,0.0,0.0,0.0
WHICAR,0.0,0.0,0.0
WEYKIM,0.0,0.0,0.0
WEYBRY,0.0,0.0,0.0
WELTAG,0.0,0.0,0.0
WELKEVNAP,0.0,0.0,0.0
WELJOD,0.0,0.0,0.0
WELJEF,0.0,0.0,0.0
WEIMAR,0.0,0.0,0.0
WEIBRA,0.0,0.0,0.0
WEBFM,0.0,0.0,0.0
WEBBAR,0.0,0.0,0.0
WATJOH,0.0,0.0,0.0
SPAROS,0.0,0.0,0.0
SOWZEN,0.0,0.0,0.0
QAHLENPLA,0.0,0.0,0.0
RYNTHO,0.0,0.0,0.0
RYCJUA,0.0,0.0,0.0
RYATHO,0.0,0.0,0.0
RYAROBMP,0.0,0.0,0.0
RYAMICTP,0.0,0.0,0.0
RYAKEV,0.0,0.0,0.0
RUTJEF,0.0,0.0,0.0
RUTIVE1,0.0,0.0,0.0
RUSMAT,0.0,0.0,0.0
RUIEDW,0.0,0.0,0.0
RUGNIC,0.0,0.0,0.0
RUEMIC,0.0,0.0,0.0
RUBSER,0.0,0.0,0.0
RUBJOSPLA,0.0,0.0,0.0
ROTREG,0.0,0.0,0.0
ROSRIC,0.0,0.0,0.0
ROSMEL,0.0,0.0,0.0
ROSHAR,0.0,0.0,0.0
ROSDER,0.0,0.0,0.0
ROSBRI,0.0,0.0,0.0
ROSALF,0.0,0.0,0.0
ROPCHA,0.0,0.0,0.0
ROONAT,0.0,0.0,0.0
ROMJULWE,0.0,0.0,0.0
RYNJOS,0.0,0.0,0.0
SACWIL,0.0,0.0,0.0
ROMGIU,0.0,0.0,0.0
SADAFF,0.0,0.0,0.0
SARDEMCHI,0.0,0.0,0.0
SANVICCHI,0.0,0.0,0.0
SANHARC,0.0,0.0,0.0
SANHAR,0.0,0.0,0.0
SANDEN,0.0,0.0,0.0
SANDAV,0.0,0.0,0.0
SANBEH,0.0,0.0,0.0
SAMRAM,0.0,0.0,0.0
SAMJACD1,0.0,0.0,0.0
SAMJAC2ND,0.0,0.0,0.0
SAMAND,0.0,280.0,0.0
SALSTEHP,0.0,0.0,0.0
SALSTECH,0.0,0.0,0.0
SALSTE,0.0,0.0,0.0
SALROB,0.0,0.0,0.0
SALNATSW,0.0,0.0,0.0
SALMICOP,0.0,0.0,0.0
SALHER,0.0,0.0,0.0
SALERI,0.0,0.0,0.0
SAJMOH,0.0,0.0,0.0
SAHELE,0.0,0.0,0.0
SAGCRI,0.0,0.0,0.0
SADAFFMOK,0.0,0.0,0.0
ROMJUL,0.0,0.0,0.0
ROKTHE,0.0,0.0,0.0
SCHADA,0.0,0.0,0.0
RELGAR,0.0,0.0,0.0
REEDAVCP,0.0,0.0,0.0
REDDEB,0.0,898.99,0.0
RAZLAN,0.0,0.0,0.0
RAUADA,0.0,0.0,0.0
RASRUS,0.0,0.0,0.0
RAOCHALITH,0.0,0.0,0.0
RAOCHA,0.0,0.0,0.0
RANNAN,0.0,0.0,0.0
RAMVIC,0.0,0.0,0.0
RAITHO,0.0,0.0,0.0
RAIKEV,0.0,0.0,0.0
RAGSAM,0.0,0.0,0.0
RADTRI,0.0,0.0,0.0
RACKAT,0.0,0.0,0.0
QUIKAT,0.0,0.0,0.0
QUICHR,0.0,0.0,0.0
QUEFARNV,0.0,0.0,0.0
QUEFAR,0.0,0.0,0.0
QUEALE,0.0,0.0,0.0
QUAFAT,0.0,0.0,0.0
QAHOTTSHO,0.0,0.0,0.0
QAHOTTPLA,0.0,0.0,0.0
QAHLENSHO,0.0,0.0,0.0
REEDAVIN,0.0,0.0,0.0
REMRAL,0.0,0.0,0.0
ROJMOL,0.0,0.0,0.0
RESVER,0.0,536.99,0.0
ROGNIC,0.0,0.0,0.0
ROGJOS,0.0,0.0,0.0
ROEAND,0.0,124.8,0.0
RODJORCP,0.0,0.0,0.0
RODJOR,0.0,0.0,0.0
RODGAR,0.0,0.0,0.0
RODEAR,0.0,0.0,0.0
RODDAL,0.0,0.0,0.0
RODAMY,0.0,0.0,0.0
ROCSTE,0.0,0.0,0.0
ROCKERT,0.0,0.0,0.0
ROCDAV,0.0,0.0,0.0
ROBCUR,0.0,0.0,0.0
RIYTAROL,0.0,0.0,0.0
RIYTARCH,0.0,0.0,0.0
RIYTAR,0.0,0.0,0.0
LYNSHERF,0.0,0.0,0.0
RINCUR,0.0,0.0,0.0
RIEMAR,0.0,0.0,0.0
RICNEI,0.0,0.0,0.0
RHOCAR,0.0,0.0,0.0
RHIDEB,0.0,10.0,0.0
REZPAY,0.0,0.0,0.0
SARDEMRI,0.0,0.0,0.0
SCHANT,0.0,0.0,0.0
SOPSTE,0.0,0.0,0.0
SLAMICCS,0.0,0.0,0.0
SKUSAMCH,0.0,0.0,0.0
SKUSAM,0.0,0.0,0.0
SKRJOH,0.0,0.0,0.0
SKOTHOELB,0.0,0.0,0.0
SKOTHO,0.0,0.0,0.0
SKIEMI,0.0,0.0,0.0
SKAHEA,0.0,0.0,0.0
SIVSAS,0.0,0.0,0.0
SIVINT,0.0,0.0,0.0
SISJOH,0.0,0.0,0.0
SINROSCH,0.0,0.0,0.0
SINRAJ,0.0,0.0,0.0
SINPRE,0.0,0.0,0.0
SINPRA,0.0,0.0,0.0
SINPAUYV,0.0,0.0,0.0
SINJAS,0.0,0.0,0.0
SINGUN,0.0,0.0,0.0
SINAMAOAK,0.0,0.0,0.0
SINAMA,0.0,0.0,0.0
SIMWIL,0.0,0.0,0.0
SIMTAD,0.0,6513.0,0.0
SIMPAT,0.0,0.0,0.0
SIMOLE,0.0,0.0,0.0
SLAMIC,0.0,0.0,0.0
SLAMICDYE,0.0,0.0,0.0
SIMAUDAL,0.0,0.0,0.0
SLAMICHOM,0.0,0.0,0.0
SOOANUEL,0.0,0.0,0.0
SOOANU,0.0,0.0,0.0
SONYOU,0.0,0.0,0.0
SONBRIWIL,0.0,0.0,0.0
SOMMEDO,0.0,732.0,0.0
SOMMEDAU,0.0,631.0,0.0
SOMMED,0.0,0.0,0.0
SOLKEV,0.0,0.0,0.0
SOLJOS,0.0,0.0,0.0
SOLGRE,0.0,0.0,0.0
SOLANN,0.0,0.0,0.0
SOKDMI,0.0,0.0,0.0
SOHMUHOP,0.0,300.0,0.0
SODCHA,0.0,0.0,0.0
SMILESHOPE,0.0,0.0,0.0
SMIDAV,0.0,0.0,0.0
SMIAJSCH,0.0,0.0,0.0
SMIAJD1,0.0,0.0,0.0
SMATIF,0.0,0.0,0.0
SMABRU,0.0,0.0,0.0
SLOSTE,0.0,0.0,0.0
SLOMARJ,0.0,0.0,0.0
SLAMICJOL,0.0,661.1,0.0
SIMJOR,0.0,0.0,0.0
SIGREI,0.0,0.0,0.0
SCHCAR,0.0,0.0,0.0
SEKKAT,0.0,0.0,0.0
SEHSTE,0.0,486.0,0.0
SEGEDW,0.0,0.0,0.0
SEFDAV,0.0,0.0,0.0
SEERANNV,0.0,1300.0,0.0
SEERAN,0.0,475.0,0.0
SEDENTAL,0.0,0.0,0.0
SCOBEN,0.0,0.0,0.0
SCHSTEEG,0.0,0.0,0.0
SCHRAC,0.0,0.0,0.0
SCHMICBG,0.0,0.0,0.0
SCHMICAO4,0.0,0.0,0.0
SCHMIC,0.0,0.0,0.0
SCHMAT,0.0,415.0,0.0
SCHLAUCH,0.0,0.0,0.0
SCHKEV,0.0,0.0,0.0
SCHJOS,0.0,0.0,0.0
SCHJON,0.0,0.0,0.0
SCHJOE,0.0,0.0,0.0
SCHJAS,0.0,0.0,0.0
SCHGRE,0.0,0.0,0.0
SCHFRE,0.0,0.0,0.0
SCHCONBE,0.0,0.0,29.99
SCHCOL,0.0,0.0,0.0
SEIVAL,0.0,0.0,0.0
SEMCAR,0.0,0.0,0.0
SIGMUN,0.0,0.0,0.0
SENMIC,0.0,0.0,0.0
SIESTEOL,0.0,0.0,0.0
SHUPUN,0.0,0.0,0.0
SHUGLEBG,0.0,0.0,0.0
SHOFRA,0.0,0.0,0.0
SHIDOU,0.0,0.0,0.0
SHESAB,0.0,0.0,0.0
SHEMICH,0.0,0.0,0.0
SHEGEN,0.0,0.0,0.0
SHEELI,0.0,0.0,0.0
SHECAR,0.0,0.0,0.0
SHAREN,0.0,0.0,0.0
SHANIK,0.0,0.0,0.0
SHAHEN,0.0,0.0,0.0
SHAFRA,0.0,0.0,0.0
SHAELLCHI,0.0,0.0,0.0
SHADHARV,0.0,0.0,0.0
SHADEV,0.0,0.0,0.0
SHAATI,0.0,98.0,0.0
SHAANK,0.0,0.0,0.0
SHAAAK,0.0,0.0,0.0
SERMAR,0.0,0.0,0.0
SERERI,0.0,0.0,0.0
SENWILL,0.0,75.0,0.0
LYOEVA,0.0,0.0,0.0
LEURINCHI,0.0,0.0,0.0
LYNSHE,0.0,0.0,0.0
CZEBOH,0.0,0.0,0.0
CZAMIC,0.0,0.0,0.0
CZADAN,0.0,0.0,0.0
CURTHO,0.0,0.0,0.0
CURDAVHA,0.0,0.0,0.0
CURDAV,0.0,0.0,0.0
CULSEA,0.0,0.0,0.0
CUBTOD,0.0,0.0,0.0
CUARACCHI,0.0,0.0,0.0
CROTIM,0.0,0.0,0.0
CREJASTP,0.0,41.6,0.0
CRATHO,0.0,0.0,0.0
CRAJOH,0.0,0.0,0.0
COZNANLG1,0.0,0.0,0.0
COXVIK,0.0,0.0,0.0
COUWIL,0.0,0.0,0.0
COUEMI,0.0,0.0,0.0
COSJAM,0.0,0.0,0.0
CORROB,0.0,0.0,0.0
COPMAU,0.0,0.0,0.0
COPJEFHW,0.0,0.0,0.0
COOPET,0.0,0.0,0.0
COOJASIN,0.0,0.0,0.0
CONTHE,0.0,0.0,0.0
CZEBEA,0.0,0.0,0.0
DABTOU,0.0,2508.0,0.0
CONPHI,0.0,0.0,0.0
DACSTE,0.0,0.0,0.0
DELANN,0.0,0.0,0.0
DEGJEA,0.0,0.0,0.0
DECGEO,0.0,0.0,0.0
DECEUG,0.0,0.0,0.0
DEATER,0.0,0.0,0.0
DEAROBCH,0.0,0.0,0.0
DEAROB,0.0,0.0,0.0
DEAALA,0.0,0.0,0.0
DDT,0.0,344.0,0.0
DDS,0.0,0.0,0.0
DAZMEL,0.0,0.0,0.0
DAVROB,0.0,0.0,0.0
DAVJOH,0.0,0.0,0.0
DARKAR,0.0,0.0,0.0
DARDAVSB,0.0,0.0,0.0
DARDAV,0.0,0.0,0.0
DANROB,0.0,0.0,0.0
DANQUYVH,0.0,0.0,0.0
DANBRI,0.0,114.4,0.0
DAMRAY,0.0,0.0,0.0
DALNIC,0.0,0.0,0.0
DALKAT,0.0,0.0,0.0
DAHJEF,0.0,0.0,0.0
CONTBRBUR,0.0,0.0,0.0
CONGEO,0.0,0.0,0.0
DELDAN,0.0,0.0,0.0
CHOYOU,0.0,0.0,0.0
CHOKRI,0.0,0.0,0.0
CHOIRBFUL,0.0,0.0,0.0
CHOIRBCH,0.0,0.0,0.0
CHOIRBBRI,0.0,0.0,0.0
CHOIRB,0.0,0.0,0.0
CHIJAM,0.0,0.0,0.0
CHIDOL,0.0,0.0,0.0
CHEPET,0.0,0.0,0.0
CHEMICOS,0.0,0.0,0.0
CHEMIC,0.0,0.0,0.0
CHEKAI,0.0,0.0,0.0
CHEJAS,0.0,0.0,0.0
CHECIN,0.0,0.0,0.0
CHEBAR,0.0,0.0,0.0
CHASYD,0.0,0.0,0.0
CHASUS,0.0,0.0,0.0
CHAROBWR,0.0,0.0,0.0
CHAPAUL,0.0,0.0,0.0
CHAMEL,0.0,0.0,0.0
CHAKIM,0.0,0.0,0.0
CHAJEF,0.0,0.0,0.0
CHAGRE,0.0,0.0,0.0
CHADAV,0.0,0.0,0.0
CHONAR,0.0,0.0,0.0
CHOYOUHOM,0.0,0.0,0.0
CONDEA,0.0,0.0,0.0
CHOYOUJOL,0.0,0.0,0.0
COLTIM,0.0,0.0,0.0
COLPHI,0.0,0.0,0.0
COLMARWHE,0.0,0.0,0.0
COLMARW,0.0,0.0,0.0
COLMAR,0.0,0.0,0.0
COLMAG,0.0,0.0,0.0
COLKRI,0.0,0.0,0.0
COLKEV,0.0,0.0,0.0
COLJEF,0.0,0.0,0.0
COLCHA,0.0,0.0,0.0
COLBER,0.0,0.0,0.0
COFKEN,0.0,0.0,0.0
COFJER,0.0,2360.0,0.0
COFCHR,0.0,0.0,0.0
CLELESMOK,0.0,0.0,0.0
CLEGARB,0.0,0.0,0.0
CLAROB,0.0,0.0,0.0
CIEDAV,0.0,0.0,0.0
CICBRY,0.0,28.6,0.0
CIAANN,0.0,0.0,0.0
CHUFEL,0.0,0.0,0.0
CHRRIC,0.0,0.0,0.0
CHRGIN,0.0,0.0,0.0
DELBRI,0.0,350.0,0.0
DELDAV,0.0,0.0,0.0
CERMIC,0.0,0.0,0.0
FLESCO,0.0,0.0,0.0
FITROB,0.0,0.0,0.0
FITPAT,0.0,0.0,0.0
FISSTECH,0.0,0.0,0.0
FISJOH,0.0,0.0,0.0
FIODAV,0.0,1059.5,0.0
FILPAU,0.0,0.0,0.0
FIJPHI,0.0,0.0,0.0
FIEEVA,0.0,0.0,0.0
FIDPHI,0.0,0.0,0.0
FICUMB,0.0,0.0,0.0
FICROB,0.0,0.0,0.0
FERRIC,0.0,0.0,0.0
FELAMY,0.0,0.0,0.0
FAVJOS,0.0,0.0,0.0
FAUJOH,0.0,0.0,0.0
FATKEV,0.0,0.0,0.0
FARYAS,0.0,166.4,0.0
FARSAL,0.0,0.0,0.0
FARFRA,0.0,0.0,0.0
FANDAN,0.0,0.0,0.0
FALROB,0.0,0.0,0.0
FAISTE,0.0,0.0,0.0
FABKAT,0.0,0.0,0.0
FLEPAT,0.0,0.0,0.0
FLYDON,0.0,0.0,0.0
ESPSTEWM,0.0,0.0,0.0
FLYDONAO4,0.0,0.0,0.0
FRIKEN,0.0,0.0,0.0
FRETYS,0.0,0.0,0.0
FREKAT,0.0,0.0,0.0
FREJOH,0.0,0.0,0.0
FRASUSIT,0.0,369.0,0.0
FRASUS,0.0,0.0,0.0
FRASCOOS,0.0,0.0,0.0
FRASCO,0.0,147.0,0.0
FRAJOH,0.0,0.0,0.0
FRACARD,0.0,0.0,0.0
FRACAR,0.0,0.0,0.0
FOZROB,0.0,0.0,0.0
FOXJOS,0.0,0.0,0.0
FOSGAR,0.0,0.0,0.0
FOSERI,0.0,1972.85,0.0
FORLAU,0.0,1606.15,0.0
FORJOH,0.0,0.0,0.0
FORDANELM,0.0,0.0,0.0
FORCHI,0.0,0.0,0.0
FORALAWHE,0.0,0.0,0.0
FONJEN,0.0,0.0,0.0
FOLDAN,0.0,0.0,0.0
FLYKAR,0.0,0.0,0.0
ETCPAUNL,0.0,0.0,0.0
ESCVICCROS,0.0,0.0,0.0
DELDEA,0.0,0.0,0.0
DPS,0.0,0.0,0.0
DOUBRI,0.0,200.0,0.0
DORCHR,0.0,0.0,0.0
DOPDOU,0.0,0.0,0.0
DOMEDW,0.0,0.0,0.0
DOHANT,0.0,0.0,0.0
DISNIC,0.0,0.0,0.0
DISLAN,0.0,0.0,0.0
DINTER,0.0,0.0,0.0
DINCHR,0.0,0.0,0.0
DIEDAW,0.0,0.0,0.0
DICANTOB,0.0,0.0,0.0
DICANT,0.0,57.2,0.0
DEWGLEWR,0.0,2667.0,0.0
DEWGLESG,0.0,0.0,0.0
DESEKT,0.0,0.0,0.0
DESAMI,0.0,0.0,0.0
DERRAL,0.0,0.0,0.0
DERJAM,0.0,0.0,0.0
DENCRACOR,0.0,0.0,0.0
DENCER,0.0,0.0,0.0
DEMROB,0.0,0.0,0.0
DELMARNAP,0.0,0.0,0.0
DELDER,0.0,0.0,0.0
DOWKEV,0.0,0.0,0.0
DRATHOM,0.0,0.0,0.0
ESCVIC,0.0,0.0,0.0
DREMATCH,0.0,0.0,0.0
ERISTE,0.0,0.0,0.0
ERINOR,0.0,0.0,0.0
ENGARL,0.0,0.0,0.0
ENAHORBF,0.0,0.0,0.0
ENAHOR,0.0,1130.0,0.0
ELMSAM,0.0,0.0,0.0
ELKHAL,0.0,0.0,0.0
ELAUPA,0.0,0.0,0.0
EISAAR,0.0,0.0,0.0
EHRJOS,0.0,1350.0,0.0
EBERIC,0.0,0.0,0.0
EBEMEG,0.0,0.0,0.0
EATJEF,0.0,0.0,0.0
EARWIL,0.0,0.0,0.0
EARAND,0.0,0.0,0.0
DYOKIM,0.0,0.0,0.0
DYMMICGL,0.0,0.0,0.0
DURAUG,0.0,0.0,0.0
DUNCHR,0.0,0.0,0.0
DULRAJ,0.0,0.0,0.0
DUFROB,0.0,0.0,0.0
DROSEA,0.0,0.0,0.0
DROMIC,0.0,0.0,0.0
CHACHR,0.0,194.0,0.0
CEPDAL,0.0,0.0,0.0
FUGSTEIND,0.0,0.0,0.0
BALSAMWH,0.0,0.0,0.0
BALJOH,0.0,0.0,0.0
BALJAI,0.0,0.0,0.0
BALALE,0.0,0.0,0.0
BAKRUS,0.0,0.0,0.0
BAJJAS,0.0,0.0,0.0
BAICHA,0.0,0.0,0.0
BAIBRI,0.0,0.0,0.0
BAHMAN,0.0,0.0,0.0
BAGSUM,0.0,0.0,0.0
BAGNAN,0.0,0.0,0.0
BADATT,0.0,0.0,0.0
BACPETSB,0.0,0.0,0.0
BACPET,0.0,0.0,0.0
BACKAT,0.0,0.0,0.0
AZIHAM,0.0,0.0,0.0
ATTALA,0.0,399.92,0.0
ATLZEL,0.0,0.0,0.0
ATAMUN,0.0,55.0,0.0
ATABAN,0.0,0.0,0.0
ASGSHECH,0.0,548.99,0.0
ASGSHE,0.0,0.0,0.0
ASCDAV,0.0,0.0,0.0
ARRJOS,0.0,0.0,0.0
BALSAM,0.0,0.0,0.0
BALSTE,0.0,0.0,0.0
ARNIVAMP,0.0,0.0,0.0
BANROH,0.0,0.0,0.0
BEIROS,0.0,0.0,0.0
BEHBRICHI,0.0,0.0,0.0
BEEALL,0.0,0.0,0.0
BEADEB,0.0,0.0,0.0
BEADAVALP,0.0,0.0,0.0
BAUDOUG,0.0,0.0,0.0
BAUBRY,0.0,0.0,0.0
BATGAR,0.0,0.0,0.0
BASMARMA,0.0,0.0,0.0
BASMAR,0.0,0.0,0.0
BASJOA,0.0,0.0,0.0
BARSER,0.0,0.0,0.0
BARRAY,0.0,0.0,0.0
BARMEEAR,0.0,0.0,0.0
BARMARCH,0.0,0.0,0.0
BARKYR,0.0,0.0,0.0
BARKUR,0.0,0.0,0.0
BARKEV,0.0,0.0,0.0
BARKAT,0.0,0.0,0.0
BARDEN,0.0,0.0,0.0
BAPJOS,0.0,0.0,0.0
BANSTE,0.0,4098.99,0.0
BANSAR,0.0,0.0,0.0
ARONIN,0.0,0.0,0.0
ARNIVA,0.0,0.0,0.0
BELCARHW,0.0,0.0,0.0
ALBLAU,0.0,0.0,0.0
AKHJOS,0.0,0.0,0.0
AIVARA,0.0,0.0,0.0
AICDAV,0.0,0.0,0.0
AHOJUST,0.0,0.0,0.0
AFFDEN,0.0,0.0,0.0
ADVDENT,0.0,0.0,0.0
ADS,0.0,0.0,0.0
ADHRUA,0.0,0.0,0.0
ADEKAV,0.0,0.0,0.0
ADATHOAH,0.0,0.0,0.0
ADACAR,0.0,0.0,0.0
ADAAMMVAL,0.0,0.0,0.0
ADAAMMOAK,0.0,0.0,0.0
ADAAMMHOM,0.0,0.0,0.0
ADAAMMDYE,0.0,688.0,0.0
ACIMIC,0.0,0.0,0.0
ACIALA,0.0,0.0,0.0
ACHNEA,0.0,0.0,0.0
ABUNAJ,0.0,0.0,0.0
ABESAB,0.0,0.0,0.0
ABDSAMI,0.0,0.0,0.0
ABDSAM,0.0,0.0,0.0
ABDKIM,0.0,0.0,0.0
AKHJOSCHG,0.0,0.0,0.0
ALBMONWA,0.0,1322.0,0.0
ARIGIO,0.0,2210.0,0.0
ALERAU,0.0,0.0,0.0
ARCEJOHN,0.0,0.0,0.0
ARANADD,0.0,0.0,0.0
APTJAS,0.0,0.0,0.0
APPJOELG,0.0,0.0,0.0
ANSASISB,0.0,0.0,0.0
ANSASICH,0.0,0.0,0.0
ANKEV,0.0,0.0,0.0
ANGLEOCP1,0.0,0.0,0.0
ANGLEOB2,0.0,0.0,0.0
ANEDAN,0.0,0.0,0.0
ANDSCO,0.0,0.0,0.0
ANDKRICP,0.0,0.0,0.0
ANDKRI,0.0,0.0,0.0
ANDDOU,0.0,0.0,0.0
ANDBRE,0.0,0.0,0.0
AMMADABOU,0.0,0.0,0.0
AMISAN,0.0,0.0,0.0
AMIMAL2,0.0,0.0,0.0
AMEDAV,0.0,0.0,0.0
AMAMAR,0.0,1115.8,0.0
ALSSUR,0.0,0.0,0.0
ALSDIN,0.0,2024.99,0.0
ALGSHAVH,0.0,0.0,0.0
BELCARCH,0.0,0.0,0.0
BELMAT,0.0,0.0,0.0
CENJAN,0.0,0.0,0.0
BURJOS,0.0,0.0,0.0
BULLAD,0.0,0.0,0.0
BULCHR,0.0,0.0,0.0
BUKMIC,0.0,0.0,0.0
BRZDANI,0.0,0.0,0.0
BRYKER,0.0,0.0,0.0
BRUJOH,0.0,0.0,0.0
BROTHO,0.0,0.0,0.0
BROSEA,0.0,349.0,0.0
BRONAT,0.0,0.0,0.0
BROKENCHI1,0.0,0.0,0.0
BROCAR,0.0,0.0,0.0
BREWIL,0.0,0.0,0.0
BRERIC,0.0,6392.0,0.0
BREKEV,0.0,0.0,0.0
BRATHE,0.0,0.0,0.0
BRANEC,0.0,0.0,0.0
BRAJOH,0.0,0.0,0.0
BRADAN,0.0,350.0,0.0
BRACHA,0.0,0.0,0.0
BOVJOHW,0.0,0.0,0.0
BOVJOH,0.0,0.0,0.0
BOUMEL,0.0,0.0,0.0
BOTKEY,0.0,0.0,0.0
BURJON,0.0,0.0,0.0
BURMAT,0.0,0.0,0.0
BOSREB,0.0,0.0,0.0
BURSUS,0.0,0.0,0.0
CAVMAR,0.0,0.0,0.0
CATFRA,0.0,0.0,0.0
CASJIL,0.0,0.0,0.0
CASGRA,0.0,0.0,0.0
CARSUS,0.0,0.0,0.0
CARPAT,0.0,0.0,0.0
CARMATFL,0.0,0.0,0.0
CARMAR,0.0,0.0,0.0
CAPPAU,0.0,0.0,0.0
CANMICMON,0.0,0.0,0.0
CANMICD1,0.0,0.0,0.0
CANMIC,0.0,0.0,0.0
CANMAR,0.0,0.0,0.0
CANJOH,0.0,0.0,0.0
CAMWESHP,0.0,0.0,0.0
CAMWES,0.0,0.0,0.0
CAMSTE,0.0,0.0,0.0
CALSAM,0.0,129.0,0.0
CAHJAMIN,0.0,0.0,0.0
CABSUS,0.0,0.0,0.0
CABDOU,0.0,0.0,0.0
CABBRU,0.0,0.0,0.0
BUSKIM,0.0,0.0,0.0
BOTCOU,0.0,0.0,0.0
BOSAND,0.0,0.0,0.0
BELSON,0.0,0.0,0.0
BISDAVLOM,0.0,0.0,0.0
BIESUS,0.0,0.0,0.0
BICBRAWILM,0.0,0.0,0.0
BIAFRE,0.0,0.0,0.0
BIAALE,0.0,0.0,0.0
BHONIS,0.0,0.0,0.0
BHANAM,0.0,0.0,0.0
BHAKAR,0.0,272.0,0.0
BERROB,0.0,0.0,0.0
BERRIC,0.0,0.0,0.0
BERNIC,0.0,0.0,0.0
BERJOS,0.0,123.99000000000001,0.0
BERJEFW,0.0,0.0,0.0
BERJEF,0.0,0.0,0.0
BERJAM,0.0,0.0,0.0
BERDAV,0.0,0.0,0.0
BERAGAR,0.0,0.0,0.0
BENVALPH,0.0,0.0,0.0
BENVAL,0.0,0.0,0.0
BENRON,0.0,0.0,0.0
BENMIC,0.0,0.0,0.0
BENKAT,0.0,499.0,0.0
BELTHO,0.0,0.0,0.0
BELTER,0.0,0.0,0.0
BISDAVCH,0.0,0.0,0.0
BISROB,0.0,0.0,0.0
BORMAR,0.0,0.0,0.0
BJOPAKU,0.0,0.0,0.0
BORKAT,0.0,0.0,0.0
BORDEMNV,0.0,0.0,0.0
BORDEM,0.0,194.0,0.0
BORDAV,0.0,0.0,0.0
BONJEF,0.0,0.0,0.0
BOLKIM,0.0,0.0,0.0
BOLDEA,0.0,0.0,0.0
BOIPRIVH,0.0,0.0,0.0
BOIPRIHI,0.0,0.0,0.0
BOIPRI,0.0,0.0,0.0
BOGMIH,0.0,0.0,0.0
BOGMIC,0.0,0.0,0.0
BOCJER,0.0,0.0,0.0
BLOERI,0.0,0.0,0.0
BLETHO,0.0,0.0,0.0
BLENOW,0.0,0.0,0.0
BLEBRY,0.0,129.0,0.0
BLAMAT,0.0,0.0,0.0
BLAMAR,0.0,0.0,0.0
BLAKAR,0.0,0.0,0.0
BLADEB,0.0,0.0,0.0
BLABRE,0.0,0.0,0.0
BJOPAUBG,0.0,0.0,0.0
FRIMEL,0.0,0.0,0.0
FULDAV,0.0,0.0,0.0
LYNJOH,0.0,0.0,0.0
KIMWOO,0.0,0.0,0.0
KIMJOS,0.0,0.0,0.0
KIMJON,0.0,0.0,0.0
KIMJAN,0.0,0.0,0.0
KIMEDW,0.0,0.0,0.0
KIMAND,0.0,0.0,0.0
KILJEF,0.0,0.0,0.0
KICPET,0.0,0.0,0.0
KHUPRA,0.0,0.0,0.0
KHAUSA,0.0,0.0,0.0
KHASHO,0.0,0.0,0.0
KHASHA,0.0,0.0,0.0
KHASABMP,0.0,0.0,0.0
KHASAB,0.0,0.0,0.0
KHAOME,0.0,0.0,0.0
KHAFAI,0.0,0.0,0.0
KESRUS,0.0,0.0,0.0
KENTHO,0.0,0.0,0.0
KENREBELM,0.0,0.0,0.0
KENREB,0.0,0.0,0.0
KENPAT,0.0,0.0,0.0
KENMARHL,0.0,0.0,0.0
KENMAR,0.0,0.0,0.0
KENKAT,0.0,0.0,0.0
KIMMINFF,0.0,0.0,0.0
KINKEV,0.0,0.0,0.0
KEEEMI,0.0,0.0,0.0
KINKIM,0.0,0.0,0.0
KOSALY,0.0,0.0,0.0
KORNAT,0.0,0.0,0.0
KORKEN,0.0,0.0,0.0
KORJOH,0.0,0.0,0.0
KOPKEV,0.0,0.0,0.0
KONLYN,0.0,0.0,0.0
KONKEV,0.0,0.0,129.0
KONJON,0.0,0.0,0.0
KOLMARFF,0.0,2370.0,0.0
KOLMAR,0.0,0.0,0.0
KOLANNCHI,0.0,0.0,0.0
KOHKON,0.0,0.0,0.0
KOGJAM,0.0,0.0,0.0
KOCJOA,0.0,2393.0,0.0
KOCJEN,0.0,0.0,0.0
KNIHIL,0.0,0.0,0.0
KNEMIC,0.0,0.0,0.0
KNAMIC,0.0,0.0,0.0
KMADANMUN,0.0,0.0,0.0
KLEERIC,0.0,0.0,0.0
KIRRICH,0.0,0.0,0.0
KIRJEF,0.0,0.0,0.0
KIRHEL,0.0,0.0,0.0
KEMJAS,0.0,0.0,0.0
KEEBAR,0.0,0.0,0.0
KOSEL,0.0,0.0,0.0
KAMIGO,0.0,0.0,0.0
KALKEI,0.0,0.0,0.0
KALDON,0.0,0.0,0.0
KAKJAM,0.0,0.0,0.0
KADLUB,0.0,0.0,0.0
JURANDCH,0.0,0.0,0.0
JUNKEL,0.0,0.0,0.0
JUNALE,0.0,0.0,0.0
JUMESAHL,0.0,0.0,0.0
JUDKEI,0.0,0.0,0.0
JOYTHOCHI,0.0,0.0,0.0
JOYALEJO,0.0,350.0,0.0
JOYALEBA,0.0,0.0,0.0
JOVPAU,0.0,0.0,0.0
JOVIRE,0.0,0.0,0.0
JOUCYN,0.0,0.0,0.0
JOSRAM,0.0,0.0,0.0
JOSASH,0.0,0.0,0.0
JONTREW,0.0,0.0,0.0
JONDONTP,0.0,0.0,0.0
JOHNRIC,0.0,0.0,0.0
JOHKEN,0.0,0.0,0.0
JOHDEN,0.0,0.0,0.0
JOHCOL,0.0,0.0,0.0
KAMFAR,0.0,0.0,0.0
KAMJOH,0.0,0.0,0.0
KEAMICEL,0.0,0.0,0.0
KAMJONDG,0.0,0.0,0.0
KEAMIC,0.0,0.0,0.0
KAVLAN,0.0,0.0,0.0
KAULOU,0.0,0.0,0.0
KATPET,0.0,0.0,0.0
KATELL,0.0,0.0,0.0
KASNIK,0.0,0.0,0.0
KASMIK,0.0,0.0,0.0
KASMICBR,0.0,0.0,0.0
KASMARWILM,0.0,0.0,0.0
KASMAR,0.0,0.0,0.0
KASBEL,0.0,0.0,0.0
KARSPI,0.0,0.0,0.0
KARBRI,0.0,0.0,0.0
KAPSIMOL,0.0,0.0,0.0
KAPSIMHIN,0.0,882.0,0.0
KAPSCO,0.0,0.0,0.0
KAPMOR,0.0,0.0,0.0
KAPLEO,0.0,0.0,0.0
KANWOO,0.0,0.0,0.0
KANTHO,0.0,0.0,0.0
KAMTIMIN,0.0,0.0,0.0
KAMTHO,0.0,0.0,0.0
KAMSHW,0.0,0.0,0.0
KOSDEN,0.0,0.0,0.0
KOSEWAMP,0.0,0.0,0.0
JIMJOH,0.0,0.0,0.0
LIGMAR,0.0,194.0,0.0
LIGJOC,0.0,2905.0,0.0
LIBSTE,0.0,0.0,0.0
LIBLEW,0.0,0.0,0.0
LIBALL,0.0,0.0,0.0
LEWDAV,0.0,0.0,0.0
LEVVAL,0.0,415.0,0.0
LEVSHICH,0.0,0.0,0.0
LEVSHI,0.0,0.0,0.0
LEVROR,0.0,0.0,0.0
ABDKAS,0.0,0.0,0.0
LEURIN,0.0,164.38,0.0
LERRIC,0.0,194.0,0.0
LENTRA,0.0,0.0,0.0
LENLAW,0.0,0.0,0.0
LEMLOR,0.0,0.0,0.0
LEMEDW,0.0,0.0,0.0
LEISHE,0.0,0.0,0.0
LEICAL,0.0,0.0,0.0
LEGGAB,0.0,0.0,0.0
LEETIM,0.0,0.0,0.0
LEESTEWES,0.0,0.0,0.0
LEESTEBER,0.0,0.0,0.0
LEESOOHE,0.0,163.8,0.0
LIGMAKWH,0.0,0.0,0.0
LILKRY,0.0,0.0,0.0
LEEJONBER,0.0,0.0,0.0
LIMKAT,0.0,0.0,0.0
LYNGERLAG,0.0,0.0,0.0
LYNFRA,0.0,0.0,0.0
LUWEN,0.0,0.0,0.0
LUTKEN,0.0,0.0,0.0
LUNTRIGV,0.0,0.0,0.0
LUNTRI,0.0,0.0,0.0
LUKMIC,0.0,0.0,0.0
LUCSTE,0.0,0.0,0.0
LSKDEN,0.0,0.0,0.0
LOWKER,0.0,0.0,0.0
LOVMIC,0.0,0.0,0.0
LOUSERNV,0.0,499.99,0.0
LOSJOH,0.0,0.0,0.0
LOPSAR,0.0,0.0,0.0
LOMANTM,0.0,0.0,0.0
LOMANTJO,0.0,0.0,0.0
LOGSCO,0.0,0.0,0.0
LODPETYOR,0.0,0.0,0.0
LODPETAUR,0.0,0.0,0.0
LOCCAR,0.0,0.0,0.0
LLABRA,0.0,0.0,0.0
LIPJAM,0.0,0.0,0.0
LINGAR,0.0,0.0,0.0
LEESOO,0.0,0.0,0.0
LEEJON,0.0,0.0,0.0
KOSFAY,0.0,0.0,0.0
LACAUS,0.0,0.0,0.0
KWITHO,0.0,0.0,0.0
KURSUN,0.0,0.0,0.0
KURMAT,0.0,0.0,0.0
KUNLIY,0.0,0.0,0.0
KULGLE,0.0,0.0,0.0
KUCWIL,0.0,0.0,0.0
KROKEN,0.0,0.0,0.0
KROJAM,0.0,0.0,0.0
KROERI,0.0,0.0,0.0
KRIHAR,0.0,0.0,0.0
KRAPET,0.0,0.0,0.0
KOZJOHOL,0.0,0.0,0.0
KOZJOH,0.0,0.0,0.0
KOZDAV,0.0,0.0,0.0
KOZANN,0.0,0.0,0.0
KOVSTE,0.0,70.5,0.0
KOUKEI2,0.0,0.0,0.0
KOUCAN,0.0,0.0,0.0
KOUANDPP,0.0,0.0,0.0
KOSMICOP,0.0,0.0,0.0
KOSMICCHI,0.0,935.96,0.0
KOSMIC,0.0,0.0,0.0
KOSJOH,0.0,0.0,0.0
KYIMIC,0.0,0.0,0.0
LADPAU,0.0,0.0,0.0
LEEJAY,0.0,0.0,0.0
LAMMIC,0.0,0.0,0.0
LEEGRA,0.0,0.0,0.0
LEEEUN,0.0,0.0,0.0
LEECHU,0.0,0.0,0.0
LEEABB,0.0,494.0,0.0
LAYREE,0.0,0.0,0.0
LAWSTE,0.0,369.0,0.0
LAWRAN,0.0,0.0,0.0
LAWNCHRHL,0.0,0.0,0.0
LAWLAN,0.0,0.0,0.0
LAVANT,0.0,0.0,0.0
LAUVIC,0.0,0.0,0.0
LAUKAT,0.0,0.0,0.0
LAUCAR,0.0,0.0,0.0
LASNIK,0.0,0.0,0.0
LARCLA,0.0,0.0,0.0
LARBYRPHO,0.0,0.0,0.0
LARBRYSCO,0.0,0.0,0.0
LAPJEF,0.0,0.0,0.0
LANPAU,0.0,0.0,0.0
LANJEF,0.0,0.0,0.0
LANGREL,0.0,0.0,0.0
LANGRE,0.0,0.0,0.0
LAMROB,0.0,0.0,0.0
JOBSEJEL,0.0,0.0,0.0
JEZNIC,0.0,486.0,0.0
FULJAM,0.0,0.0,0.0
GRAJOS,0.0,0.0,0.0
GRADAV,0.0,0.0,0.0
GRADAN,0.0,0.0,0.0
GRABEN,0.0,248.99,0.0
GRAALE,0.0,0.0,0.0
GOYRINPPK,0.0,0.0,0.0
GOYRAC,0.0,0.0,0.0
GOVMON,0.0,875.0,0.0
GOTMAT,0.0,0.0,0.0
GORMIC,0.0,0.0,0.0
GORLAU,0.0,0.0,0.0
GORJOH,0.0,156.0,0.0
GORDON,0.0,0.0,0.0
GORCHR,0.0,0.0,0.0
GORANG,0.0,0.0,0.0
GOPUSH,0.0,1579.5,0.0
GOPSAN,0.0,538.0,0.0
GONPRA,0.0,0.0,0.0
GONDMIC,0.0,0.0,0.0
GOMKEN,0.0,0.0,0.0
GOLMICTP,0.0,0.0,0.0
GOLMICH,0.0,0.0,0.0
GOLMAR,0.0,0.0,0.0
GOLLAR,0.0,0.0,0.0
GRAJON,0.0,0.0,0.0
GRAKRYCH,0.0,603.7,524.0
GOLIRA,0.0,0.0,0.0
GRALOU,0.0,0.0,0.0
GUNDON,0.0,0.0,0.0
GUDCHR,0.0,0.0,0.0
GUAMIC,0.0,0.0,0.0
GUAGIL,0.0,0.0,0.0
GRUJOHCH,0.0,0.0,0.0
GRUJOH,0.0,0.0,0.0
GRUGIN,0.0,0.0,0.0
GROKONSCH,0.0,0.0,0.0
GRISTE,0.0,0.0,0.0
GRIKEN,0.0,0.0,0.0
GRIJAMO,0.0,0.0,0.0
GRIANN,0.0,0.0,0.0
GREPAU,0.0,0.0,0.0
GREGGA,0.0,0.0,0.0
GREDAN,0.0,0.0,0.0
GRECHR,0.0,0.0,0.0
GRAVICPR,0.0,0.0,0.0
GRAVICHIN,0.0,0.0,0.0
GRAVICHE,0.0,0.0,0.0
GRAVICCHI,0.0,0.0,0.0
GRATERR,0.0,0.0,0.0
GRARAVOL,0.0,0.0,0.0
GRARAV,0.0,0.0,0.0
GOLKAR,0.0,475.0,0.0
GOLDCAR,0.0,0.0,0.0
GURPHI,0.0,0.0,0.0
GENJEFGE,0.0,0.0,0.0
GENCHR,0.0,0.0,0.0
GELMICPH,0.0,0.0,0.0
GEHTED,0.0,0.0,0.0
GATJOS,0.0,0.0,0.0
GATAND,0.0,0.0,0.0
GASJOH,0.0,0.0,0.0
GASEFF,0.0,0.0,0.0
GARLIN,0.0,0.0,0.0
GARLAR,0.0,0.0,0.0
GARJEF,0.0,0.0,0.0
GARALPLP,0.0,0.0,0.0
GARALP,0.0,0.0,0.0
GAMMIG,0.0,0.0,0.0
GAMBRI,0.0,688.0,0.0
GALROB,0.0,0.0,0.0
GALPOLNV,0.0,0.0,0.0
GALPOL,0.0,0.0,0.0
GALPET,0.0,0.0,0.0
GALLROBNI,0.0,0.0,0.0
FYEJOSBG,0.0,0.0,0.0
FUTGEO,0.0,0.0,0.0
FUNROB,0.0,0.0,0.0
FULJAMKE,0.0,0.0,0.0
GENJEF,0.0,0.0,0.0
GENLAR,0.0,0.0,0.0
GOLCERDEN,0.0,0.0,0.0
GENLAR2,0.0,0.0,0.0
GOGAUR,0.0,0.0,0.0
GOETOM,0.0,0.0,0.0
GOERON,0.0,0.0,0.0
GOEDAN,0.0,0.0,0.0
GLUJUL,0.0,0.0,0.0
GLOANT,0.0,0.0,0.0
GLAJEF,0.0,0.0,0.0
GIUVIT,0.0,0.0,0.0
GIUKRI,0.0,0.0,0.0
GILCHAR,0.0,0.0,0.0
GIEMEL,0.0,0.0,0.0
GIEALB,0.0,0.0,0.0
GIBCHI,0.0,0.0,0.0
GIBCAN,0.0,0.0,0.0
GIATAM,0.0,0.0,0.0
GIAJOH,0.0,0.0,0.0
GIACAR,0.0,0.0,0.0
GHODAN,0.0,0.0,0.0
GERTHO,0.0,0.0,0.0
GERPA,0.0,0.0,0.0
GERGRE,0.0,0.0,0.0
GEOGER,0.0,0.0,0.0
GEOCHR,0.0,0.0,0.0
GUPKAV,0.0,0.0,0.0
GUSROY,0.0,0.0,0.0
JENMEL,0.0,0.0,0.0
INGDAV,0.0,0.0,0.0
ILAANT,0.0,0.0,0.0
HYVIRE,0.0,1293.0,0.0
HYDMAR,0.0,0.0,0.0
HUVROB,0.0,0.0,0.0
HUTFRA,0.0,0.0,0.0
HUTCHR,0.0,0.0,0.0
HUSTEV,0.0,0.0,0.0
HUFALINV,0.0,0.0,0.0
HUFALI,0.0,0.0,0.0
HUDJAM,0.0,0.0,0.0
HUDCHR,0.0,0.0,0.0
HRUHEALF,0.0,500.0,0.0
HRUHEA,0.0,0.0,0.0
HOYMAR,0.0,0.0,0.0
HOWNIC,0.0,0.0,0.0
HOUNIC,0.0,0.0,0.0
HORANT,0.0,0.0,0.0
HONDAV,0.0,0.0,0.0
HOMBRI,0.0,0.0,0.0
HOLRIC,0.0,0.0,0.0
HOLMAR,0.0,0.0,0.0
HOGDAN,0.0,0.0,0.0
HOFSTENW,0.0,0.0,0.0
INCFRA,0.0,0.0,0.0
IRVJOH,0.0,0.0,0.0
HOFMIC,0.0,0.0,0.0
IVAMAD,0.0,523.99,0.0
JELRAY,0.0,0.0,0.0
JEADEG,0.0,0.0,0.0
JAYPOO,0.0,500.0,0.0
JASMAR,0.0,0.0,0.0
JANKEL,0.0,0.0,0.0
JANJO,0.0,0.0,0.0
JANJEF,0.0,0.0,0.0
JANJAM,0.0,0.0,0.0
JAMDOU,0.0,0.0,0.0
JAIPRI,0.0,0.0,0.0
JAIMAN,0.0,0.0,0.0
JAIGUNOP,0.0,0.0,0.0
JAIGUNOL,0.0,0.0,0.0
JAIGUNBR,0.0,0.0,0.0
JAGSTE,0.0,0.0,0.0
JAEJOH,0.0,0.0,0.0
JACZAC,0.0,0.0,0.0
JACWAY,0.0,0.0,0.0
JACMIC,0.0,0.0,0.0
JACMAR,0.0,0.0,0.0
JACERI,0.0,0.0,0.0
IZZKAR,0.0,0.0,0.0
IWAAGG,0.0,166.4,0.0
HOFSTE,0.0,0.0,0.0
HOENIC,0.0,2090.0,0.0
GUYLANJO,0.0,0.0,0.0
HARHAR,0.0,0.0,0.0
HANTIM,0.0,0.0,0.0
HANNID,0.0,0.0,0.0
HANMIR,0.0,632.99,0.0
HANLAW,0.0,0.0,0.0
HANLAU,0.0,0.0,0.0
HANJOO,0.0,0.0,0.0
HANEMICP,0.0,0.0,0.0
HANEMI,0.0,0.0,0.0
HANEDM,0.0,0.0,0.0
HAMWIL,0.0,0.0,0.0
HAMPHI,0.0,0.0,0.0
HAMMATNAP,0.0,0.0,0.0
HAMLIN,0.0,0.0,0.0
HAMJOS,0.0,0.0,0.0
HALLENFF,0.0,0.0,0.0
HALLEN,0.0,0.0,0.0
HALJAS,0.0,0.0,0.0
HAJBILWE,0.0,25.0,0.0
HAJBIL,0.0,0.0,0.0
HAGKAI,0.0,524.0,0.0
GUZMAR,0.0,0.0,0.0
GUZJAS,0.0,415.0,0.0
GUZCHE,0.0,0.0,0.0
HARAUR,0.0,0.0,0.0
HARNIK,0.0,0.0,0.0
HLOTHO,0.0,0.0,0.0
HARPET,0.0,0.0,0.0
HISBRA,0.0,0.0,0.0
HIRANT,0.0,0.0,0.0
HILEMI,0.0,0.0,0.0
HICBRI,0.0,0.0,0.0
HERCAR,0.0,1116.0,0.0
HENWIL,0.0,0.0,0.0
HENCAR,0.0,0.0,0.0
HEIRIC,0.0,0.0,0.0
HEIJAMGUI,0.0,0.0,0.0
HEFBEN,0.0,0.0,0.0
HEAPAT,0.0,0.0,0.0
HAUTHE,0.0,0.0,0.0
HAUMARY,0.0,0.0,0.0
HATUZM,0.0,0.0,0.0
HATMAR,0.0,0.0,0.0
HATATERU,0.0,0.0,0.0
HASJOSWI,0.0,0.0,0.0
HASJOSGV,0.0,2270.0,0.0
HASJOS,0.0,0.0,0.0
HASJAC,0.0,1468.4,0.0
HASFAYFL,0.0,239.0,0.0
HARRACHUN,0.0,0.0,0.0
HARRAC,0.0,0.0,0.0
ZWIJOH,0.0,0.0,0.0
