account_id,ytd_implant_sales,ly_implant_sales,ytd_implant_remakes
SUNJOO,2799.86,3727.93,399.98
RAIMANNA,2580.0,6920.0,0.0
ANDMAR,1975.0,3202.0,0.0
PETRYA,1900.0,0.0,1425.0
SINMAN,1800.0,2700.0,0.0
NIEMAR,1799.91,5719.09,0.0
ABUSIM,1794.92,1175.98,199.99
RASMOSFL,1520.0,1900.0,0.0
GANPOO,1425.0,475.0,0.0
BOYMIC,1178.98,738.0,0.0
PATNEE,1050.0,0.0,0.0
PATUMA,1049.97,0.0,0.0
PATMAR,950.0,0.0,0.0
JURAND,900.0,900.0,0.0
CHAROB,900.0,350.0,0.0
NUCMAG,809.99,1400.0,0.0
THOJAM,799.96,393.99,0.0
PERLUI,789.98,1269.0,789.98
HERCARMU,789.98,0.0,0.0
MALRYA,778.0,913.0,0.0
FELNIC,735.0,1883.0,0.0
RIYTARCHI,700.0,0.0,0.0
SAMJACSTC,699.98,344.0,0.0
KUCMAR,693.98,2115.9700000000003,0.0
BERDANLAP,619.98,1200.0,0.0
SIETOM,600.0,0.0,0.0
KATAND,599.97,453.0,0.0
PAIADI,500.0,0.0,0.0
YERPAT,493.99,95.0,0.0
HANEMIMUN,475.0,950.0,950.0
KIMGIN,475.0,0.0,0.0
SINPAU,465.99,246.95999999999998,0.0
VERVIN,450.0,0.0,0.0
TYSMONLB,394.99,1848.0,0.0
HUBMAR,394.99,0.0,0.0
LENMIC,394.99,1775.0,0.0
HASFAY,388.0,0.0,0.0
JANREBP,350.0,0.0,0.0
DABJOS,349.99,344.0,0.0
THASAMWE,349.99,0.0,0.0
WERROB,304.2,0.0,0.0
LUCPAULYO,260.0,540.0,0.0
VOHSAF,248.99,497.98,0.0
CUARACMOK,245.0,1582.0,0.0
SINSUN,245.0,588.0,0.0
AHMSAN,199.99,1057.0,0.0
SKRLEO,199.99,3853.97,0.0
KLUANGFL,199.99,0.0,0.0
OBEGAR,199.99,1169.99,0.0
KOWKARDG,194.5,0.0,194.5
WELPAI,147.0,539.0,49.0
COOJAN,147.0,4448.0,0.0
BERDERCP,130.0,0.0,0.0
JANPET,71.5,3450.0,0.0
VANMATWS,65.0,195.0,0.0
AUSMIC,65.0,0.0,0.0
KAUHAR,49.0,98.0,0.0
RYCJUAFL,49.0,49.0,0.0
BAPBENNR,30.0,0.0,0.0
LITALY,30.0,0.0,0.0
OLEGRE,0.0,0.0,0.0
PANANE,0.0,479.0,0.0
PALCHR,0.0,0.0,0.0
OCOJOH,0.0,0.0,0.0
PAPAMI,0.0,252.2,0.0
PAPMAR,0.0,0.0,0.0
PAPRAC,0.0,0.0,0.0
OFLPATWR,0.0,0.0,0.0
NUGBRI,0.0,0.0,0.0
PAPRIC,0.0,0.0,0.0
OGRLIS,0.0,0.0,0.0
PAGPET,0.0,0.0,0.0
OFLPAT,0.0,0.0,0.0
OLORIT,0.0,0.0,0.0
PAHLOU,0.0,0.0,0.0
OPIERN,0.0,0.0,0.0
OLUMOR,0.0,199.0,0.0
ONIJEF,0.0,0.0,0.0
PAGCAR,0.0,0.0,0.0
ODOKAR,0.0,0.0,0.0
OZIERI,0.0,0.0,0.0
ORSSTE,0.0,0.0,0.0
ORNJOSLAP,0.0,0.0,0.0
OREBRA,0.0,0.0,0.0
OREBER,0.0,0.0,0.0
NUGTIM,0.0,0.0,0.0
PARAJE,0.0,0.0,0.0
PATDHASHW,0.0,0.0,0.0
PARANG,0.0,0.0,0.0
PERJON,0.0,0.0,0.0
PERMIC,0.0,0.0,0.0
PETBRY,0.0,0.0,0.0
PETDAV,0.0,0.0,0.0
PETJAS,0.0,0.0,0.0
PETMAR,0.0,0.0,0.0
PHIJOSCH,0.0,0.0,0.0
PICGIN,0.0,1644.0,0.0
PISNIC,0.0,0.0,0.0
PISSUS,0.0,0.0,0.0
POGROG,0.0,0.0,0.0
POGTHO,0.0,0.0,0.0
POKGAI,0.0,0.0,0.0
POLALE,0.0,0.0,0.0
POLNIC,0.0,1032.0,0.0
PONANT,0.0,0.0,0.0
POPDAN,0.0,0.0,0.0
POPNAT,0.0,124.8,0.0
POSBRI,0.0,0.0,0.0
POSLIN,0.0,0.0,0.0
POSSHA,0.0,0.0,0.0
POTCHR,0.0,129.0,0.0
POWJOS,0.0,0.0,0.0
PPHANEMIE,0.0,0.0,0.0
PERMAR,0.0,0.0,0.0
PENPAT,0.0,0.0,0.0
PARCAR,0.0,0.0,0.0
PAYMAR,0.0,0.0,0.0
PARGIL,0.0,0.0,0.0
PARISH,0.0,0.0,0.0
PARROG,0.0,0.0,0.0
PARSTEV,0.0,0.0,0.0
PASKAR,0.0,0.0,0.0
PATBIN,0.0,0.0,0.0
PATBRI,0.0,0.0,0.0
PATBRIDP,0.0,0.0,0.0
PATDEERV,0.0,0.0,0.0
PATGAR,0.0,0.0,0.0
PATKIN,0.0,0.0,0.0
PATLEE,0.0,73.5,0.0
PATPARNAP,0.0,0.0,0.0
PATPAROL,0.0,0.0,0.0
PATPINNV,0.0,0.0,0.0
PATPRA,0.0,0.0,0.0
PATRAJBD,0.0,0.0,0.0
PATRIC,0.0,0.0,0.0
PATTRU,0.0,0.0,0.0
PATUMAPH,0.0,3825.5899999999997,0.0
PAUMIC,0.0,0.0,0.0
PAUVAL,0.0,0.0,0.0
PAYLEE,0.0,0.0,0.0
NOVHEI,0.0,0.0,0.0
NEAPHI,0.0,0.0,0.0
NORIRS,0.0,0.0,0.0
MATJOSLOW,0.0,0.0,0.0
MARANTMD,0.0,0.0,0.0
MARAUSNP,0.0,0.0,0.0
MARDAVMD,0.0,0.0,0.0
MARJAM,0.0,0.0,0.0
MARJOH,0.0,0.0,0.0
MARKIL,0.0,0.0,0.0
MARROM,0.0,336.8,0.0
MARSUBOS,0.0,0.0,0.0
MASJOH,0.0,0.0,0.0
MASSJOHN,0.0,0.0,0.0
MATFELKE,0.0,652.0799999999999,0.0
MAZANN,0.0,0.0,0.0
NOLMIC,0.0,0.0,0.0
MAZSUS,0.0,0.0,0.0
MCBCHL,0.0,0.0,0.0
MCCFAM,0.0,0.0,0.0
MCCJAM,0.0,0.0,0.0
MCCJOS,0.0,0.0,0.0
MCCRYAGEN,0.0,0.0,0.0
MCCSCO,0.0,194.0,0.0
MCGKEL,0.0,0.0,0.0
MCGROB,0.0,0.0,0.0
MCKJAM,0.0,0.0,0.0
MCMJIL,0.0,0.0,0.0
MANTRE,0.0,0.0,0.0
MANTOD,0.0,0.0,0.0
MANTHO,0.0,0.0,0.0
MANJON,0.0,0.0,0.0
LOVJAM,0.0,0.0,0.0
LOVMIC,0.0,0.0,0.0
LOWKER,0.0,0.0,0.0
LSKDEN,0.0,0.0,0.0
LUKPAU,0.0,0.0,59.98
LUNTRI,0.0,0.0,0.0
LUWEN,0.0,0.0,0.0
LYNFRA,0.0,0.0,0.0
LYNGERLAG,0.0,0.0,0.0
LYNJOH,0.0,0.0,0.0
LYNSHE,0.0,0.0,0.0
LYNSHERF,0.0,0.0,0.0
LYOEVA,0.0,0.0,0.0
LYZWIL,0.0,0.0,0.0
MACERIMU,0.0,3321.0,0.0
MACHAZ,0.0,0.0,0.0
MADABD,0.0,565.0,0.0
MAJMIC,0.0,0.0,0.0
MAKJOS,0.0,0.0,0.0
MALJAM,0.0,0.0,0.0
MANEDWLD,0.0,908.0,789.98
MANGEOOB,0.0,0.0,0.0
MANGEOPR,0.0,0.0,0.0
MCMSUS,0.0,0.0,0.0
MCNJOH,0.0,0.0,0.0
MCNJOHLZ,0.0,819.0,0.0
MUIGEO,0.0,0.0,0.0
MUNART,0.0,0.0,0.0
MURKAR,0.0,0.0,0.0
MURMAR,0.0,0.0,0.0
MUSSCO,0.0,0.0,0.0
MUSSHA,0.0,0.0,0.0
MYCRON,0.0,0.0,0.0
MYEMIT,0.0,0.0,0.0
NAJSAB,0.0,0.0,0.0
NAPSTE,0.0,0.0,0.0
NARMEE,0.0,0.0,0.0
NASJAM,0.0,0.0,0.0
NATKEV,0.0,0.0,0.0
PRILOR,0.0,0.0,0.0
NEETERR,0.0,0.0,0.0
NEWDAV,0.0,0.0,0.0
NEWTHO,0.0,0.0,0.0
NGUJOSCH,0.0,0.0,0.0
NICJEF,0.0,1229.0,0.0
NICMIC,0.0,0.0,0.0
NICRIC,0.0,0.0,0.0
NICVIN,0.0,0.0,0.0
NISLIN,0.0,764.98,0.0
NOHDAV,0.0,0.0,0.0
MUIJOH,0.0,0.0,0.0
MOUTAR,0.0,0.0,0.0
MEDCEL,0.0,0.0,0.0
MOTFAR,0.0,0.0,0.0
MELALL,0.0,0.0,0.0
MEYTHO,0.0,0.0,0.0
MEYTHODS,0.0,0.0,0.0
MICJOH,0.0,0.0,0.0
MICJOHLA,0.0,49.0,0.0
MIJRON,0.0,0.0,0.0
MILJAM,0.0,0.0,0.0
MILMAR,0.0,0.0,0.0
MILNAT,0.0,0.0,0.0
MITLEE,0.0,0.0,0.0
MOHSHA,0.0,0.0,0.0
MOLRYA,0.0,0.0,0.0
MOLRYASH,0.0,0.0,0.0
MOLWIL,0.0,0.0,0.0
MONMAR,0.0,0.0,0.0
MOOJOHHOM,0.0,0.0,0.0
MORCHR,0.0,350.0,0.0
MORDENPLA,0.0,0.0,0.0
MORMIC,0.0,0.0,0.0
MORPAU,0.0,0.0,0.0
MORSTECH,0.0,0.0,0.0
MOSKEV,0.0,0.0,0.0
MOSTIM,0.0,0.0,0.0
PRIBRU,0.0,0.0,0.0
ABDKIM,0.0,0.0,0.0
PRILORBL,0.0,194.0,0.0
VELSAN,0.0,0.0,0.0
TUNPER,0.0,0.0,0.0
UHRJOS,0.0,0.0,0.0
UNTMIC,0.0,0.0,0.0
UPPSHA,0.0,0.0,0.0
URBEDW,0.0,0.0,0.0
URDMON,0.0,0.0,0.0
VANMAT,0.0,0.0,0.0
VANSAG,0.0,0.0,0.0
VARDAV,0.0,0.0,0.0
VAUKRI,0.0,58.0,0.0
VAVROB,0.0,0.0,0.0
VICHEN,0.0,0.0,0.0
STETODRF,0.0,0.0,0.0
VILCOU,0.0,0.0,0.0
VILGILCH,0.0,688.0,0.0
VILGILPH,0.0,0.0,0.0
VITFRA,0.0,0.0,0.0
VOGAAR,0.0,0.0,0.0
VYAHARMO,0.0,304.0,0.0
WADAMY,0.0,65.0,0.0
WADTAMFRAN,0.0,0.0,0.0
WADTAMSH,0.0,0.0,0.0
WAHMOH,0.0,0.0,0.0
WALBRIOP,0.0,0.0,0.0
TUCELILV,0.0,787.0,0.0
TROCHR,0.0,0.0,0.0
TREROBWES,0.0,0.0,0.0
TORSUS,0.0,0.0,0.0
STRDAVJOL,0.0,0.0,0.0
STRRIC,0.0,0.0,0.0
SUDAMINAP,0.0,0.0,0.0
SUKMAJ,0.0,0.0,0.0
SULTHO,0.0,194.0,0.0
SURTIM,0.0,0.0,0.0
SUTBOZLV,0.0,0.0,0.0
SWAKAR,0.0,0.0,0.0
SYLCOLBL,0.0,0.0,0.0
SZASCO,0.0,0.0,0.0
TADSIM,0.0,0.0,0.0
TAPGAR,0.0,3800.0,0.0
TARJOA,0.0,0.0,0.0
TAUMIC,0.0,0.0,0.0
TEJDIM,0.0,0.0,0.0
THADEVJOL,0.0,0.0,0.0
THADEVOP,0.0,0.0,0.0
THASAM,0.0,0.0,0.0
THOJAS,0.0,0.0,0.0
THONAS,0.0,0.0,0.0
THUHAD,0.0,0.0,0.0
TIETER,0.0,0.0,0.0
TOMCAR,0.0,0.0,0.0
WALCOR,0.0,0.0,0.0
WALGEO,0.0,0.0,0.0
WALSCO,0.0,776.0,0.0
WONANJ,0.0,0.0,0.0
WOOLOR,0.0,0.0,0.0
WOOSAR,0.0,0.0,0.0
WORJOE,0.0,0.0,0.0
WORJOH,0.0,0.0,0.0
WREWAL,0.0,0.0,0.0
WURMIK,0.0,0.0,0.0
WYSAND,0.0,0.0,0.0
YIANIC,0.0,2134.0,0.0
YOULAU,0.0,575.0,0.0
YOUMAR,0.0,0.0,0.0
YUALEO,0.0,0.0,0.0
YUASTE,0.0,0.0,0.0
YURMAT,0.0,0.0,0.0
ZACMAR,0.0,0.0,0.0
ZANMAR,0.0,0.0,0.0
ZANMAT,0.0,0.0,0.0
ZAUELICC,0.0,0.0,0.0
ZAUELIPLA,0.0,0.0,0.0
ZEFDAV,0.0,0.0,0.0
ZIERIC,0.0,0.0,0.0
ZMEMAG,0.0,0.0,0.0
ZUBTHO,0.0,0.0,0.0
ZWICHR,0.0,0.0,0.0
WOOBRI,0.0,0.0,0.0
WOLROB,0.0,0.0,0.0
WANTHESCH,0.0,0.0,0.0
WOJMAR,0.0,0.0,0.0
WARAJM,0.0,0.0,0.0
WASWIL,0.0,0.0,0.0
WATIRV,0.0,0.0,0.0
WATJOH,0.0,0.0,0.0
WEBBAR,0.0,0.0,0.0
WEIMAR,0.0,0.0,0.0
WEITHO,0.0,0.0,0.0
WELJEF,0.0,0.0,0.0
WELJOD,0.0,0.0,0.0
WELTAG,0.0,0.0,0.0
WEYBRY,0.0,0.0,0.0
WEYKIM,0.0,0.0,0.0
WHICAR,0.0,0.0,0.0
WHIJAC,0.0,0.0,0.0
WIDKRY,0.0,0.0,0.0
WIEAND,0.0,0.0,0.0
WILPET,0.0,0.0,0.0
WINADMHIN,0.0,0.0,0.0
WITJEF,0.0,0.0,0.0
WITLEOMOK1,0.0,0.0,0.0
WITLEOMOKE,0.0,0.0,0.0
WITMAT,0.0,2902.0,0.0
WODTHO,0.0,0.0,0.0
STOSAL,0.0,0.0,0.0
STEABR,0.0,0.0,0.0
PRILOREVA,0.0,0.0,0.0
RUGNIC,0.0,0.0,0.0
RIYTAR,0.0,0.0,0.0
ROBCUR,0.0,0.0,0.0
ROCSTE,0.0,0.0,0.0
RODEAR,0.0,0.0,0.0
ROGJOS,0.0,0.0,0.0
ROGNIC,0.0,0.0,0.0
ROMGIU,0.0,0.0,0.0
ROMJUL,0.0,0.0,0.0
ROSHAR,0.0,0.0,0.0
ROSMEL,0.0,0.0,0.0
RUEMIC,0.0,0.0,0.0
RUIEDW,0.0,0.0,0.0
STAMAR,0.0,0.0,0.0
RYAMICTP,0.0,0.0,0.0
RYASEA,0.0,0.0,0.0
RYATHO,0.0,0.0,0.0
RYNJOS,0.0,0.0,0.0
SACWIL,0.0,0.0,0.0
SAFTAR,0.0,0.0,0.0
SALHER,0.0,0.0,0.0
SALNATSW,0.0,0.0,0.0
SALSTECH,0.0,0.0,0.0
SAMAND,0.0,0.0,0.0
SANDAV,0.0,0.0,0.0
RIEMAR,0.0,0.0,0.0
RICNEI,0.0,0.0,0.0
RHICAT,0.0,950.0,0.0
REMTHO,0.0,0.0,0.0
PROALM,0.0,0.0,0.0
PRODON,0.0,1107.0,0.0
PROLAB,0.0,0.0,0.0
PULERI,0.0,0.0,0.0
PULJOS,0.0,0.0,0.0
PULPETPLA,0.0,0.0,0.0
PURJYO,0.0,0.0,0.0
QAHLENPLA,0.0,0.0,0.0
QAHLENSHO,0.0,0.0,0.0
QUAFAT,0.0,0.0,0.0
QUIKAT,0.0,0.0,0.0
RAGSAM,0.0,0.0,0.0
RAIKEV,0.0,0.0,0.0
LOSJOH,0.0,0.0,0.0
RAITHO,0.0,0.0,0.0
RANMAR,0.0,0.0,0.0
RANNAN,0.0,0.0,0.0
RAOCHALITH,0.0,0.0,0.0
RAOPOO,0.0,350.0,0.0
RAUADA,0.0,0.0,0.0
RAZLAN,0.0,0.0,0.0
REEDAVCP,0.0,0.0,0.0
RELGAR,0.0,0.0,0.0
SANJAM,0.0,0.0,0.0
SCHCAR,0.0,0.0,0.0
SCHFRE,0.0,0.0,0.0
SIMTAD,0.0,1813.0,0.0
SINJAS,0.0,0.0,0.0
SINPRA,0.0,0.0,0.0
SISJOH,0.0,0.0,0.0
SIVINT,0.0,0.0,0.0
SIVSAS,0.0,0.0,0.0
SKIEMI,0.0,0.0,0.0
SKOTHO,0.0,0.0,0.0
SKOTHOELB,0.0,0.0,0.0
SKUSAMCH,0.0,0.0,0.0
SLAMICCS,0.0,0.0,0.0
SLAMICDYE,0.0,0.0,0.0
SLAMICHOM,0.0,0.0,0.0
SLAMICJOL,0.0,661.1,0.0
SMATIF,0.0,0.0,0.0
SMIAJD1,0.0,0.0,0.0
SMIAJSCH,0.0,0.0,0.0
SOLJOS,0.0,0.0,0.0
SONBRIWIL,0.0,0.0,0.0
SONYOU,0.0,0.0,0.0
SPAKAT,0.0,0.0,0.0
SPEELI,0.0,0.0,0.0
SPIKIM,0.0,0.0,0.0
SPRTOD,0.0,0.0,0.0
SINAMAOAK,0.0,0.0,0.0
SIGREI,0.0,0.0,0.0
SCHJAS,0.0,0.0,0.0
SIGMUN,0.0,0.0,0.0
SCHKEV,0.0,0.0,0.0
SCHMIC,0.0,0.0,0.0
SCOBEN,0.0,0.0,0.0
SEDENTAL,0.0,0.0,0.0
SEERAN,0.0,475.0,0.0
SEERANNV,0.0,0.0,0.0
SEHSTE,0.0,98.0,0.0
SEKKAT,0.0,0.0,0.0
SEMCAR,0.0,0.0,0.0
SENMIC,0.0,0.0,0.0
SHAANK,0.0,0.0,0.0
SHAATI,0.0,98.0,0.0
SHADEV,0.0,0.0,0.0
SHADHALA,0.0,3488.0,0.0
SHADHARV,0.0,0.0,0.0
SHANIK,0.0,0.0,0.0
SHASYE,0.0,0.0,0.0
SHECAR,0.0,0.0,0.0
SHEGEN,0.0,0.0,0.0
SHEMICH,0.0,0.0,0.0
SHOFRA,0.0,0.0,0.0
SHUGLEBG,0.0,0.0,0.0
SIESTEOL,0.0,0.0,0.0
LOUSERNV,0.0,0.0,0.0
LEVSHICH,0.0,0.0,0.0
LOPEST,0.0,0.0,0.0
DELMARNAP,0.0,0.0,0.0
DAMRAY,0.0,0.0,0.0
DARDAVSB,0.0,0.0,0.0
DARKAR,0.0,0.0,0.0
DDT,0.0,0.0,0.0
DEAALA,0.0,0.0,0.0
DEAROB,0.0,0.0,0.0
DEATER,0.0,0.0,0.0
DECGEO,0.0,0.0,0.0
DEGJEA,0.0,0.0,0.0
DELANN,0.0,0.0,0.0
DELDER,0.0,0.0,0.0
DERJAM,0.0,0.0,0.0
DROSEA,0.0,0.0,0.0
DESAMI,0.0,0.0,0.0
DEWGLESG,0.0,0.0,0.0
DEWGLEWR,0.0,0.0,0.0
DICANT,0.0,57.2,0.0
DICANTOB,0.0,0.0,0.0
DISNIC,0.0,0.0,0.0
DOHANT,0.0,0.0,0.0
DOMEDW,0.0,0.0,0.0
DORCHR,0.0,0.0,0.0
DPS,0.0,0.0,0.0
DREMATNV,0.0,0.0,0.0
DALNIC,0.0,0.0,0.0
DAHJEF,0.0,0.0,0.0
DACSTE,0.0,0.0,0.0
DABTOU,0.0,294.0,0.0
CHRGIN,0.0,0.0,0.0
CHUMAN,0.0,206.0,0.0
CIAANN,0.0,0.0,0.0
CICBRY,0.0,0.0,0.0
CIEDAV,0.0,0.0,0.0
CLEGARB,0.0,0.0,0.0
COFJER,0.0,1050.0,0.0
COLBER,0.0,0.0,0.0
COLKRI,0.0,0.0,0.0
CONDEA,0.0,0.0,0.0
CONGEO,0.0,0.0,0.0
CONTBRBUR,0.0,0.0,0.0
COOPET,0.0,0.0,0.0
CORJER,0.0,0.0,0.0
CORKAT,0.0,0.0,0.0
COUEMI,0.0,0.0,0.0
COXVIK,0.0,0.0,0.0
COZNANLG1,0.0,0.0,0.0
CRATHO,0.0,0.0,0.0
CREJASTP,0.0,41.6,0.0
CUBTOD,0.0,0.0,0.0
CURDAV,0.0,0.0,0.0
CZEBOH,0.0,0.0,0.0
DROMIC,0.0,0.0,0.0
DUFROB,0.0,0.0,0.0
CHOIRBBRI,0.0,0.0,0.0
FRASUS,0.0,0.0,0.0
FOLDAN,0.0,0.0,0.0
FONJEN,0.0,0.0,0.0
FORALAWHE,0.0,0.0,0.0
FORCHI,0.0,0.0,0.0
FORDANELM,0.0,0.0,0.0
FORLAU,0.0,172.15,0.0
FOSERI,0.0,0.0,0.0
FRACAR,0.0,0.0,0.0
FRAJOH,0.0,0.0,0.0
FRAMIC,0.0,0.0,0.0
FRASCO,0.0,0.0,0.0
FRASUSIT,0.0,369.0,0.0
DURAUG,0.0,0.0,0.0
FRATER,0.0,738.0,0.0
FREKAT,0.0,0.0,0.0
FRETYS,0.0,0.0,0.0
FRIMEL,0.0,0.0,0.0
FUGSTEIND,0.0,0.0,0.0
FULDAV,0.0,0.0,0.0
FULJAM,0.0,0.0,0.0
FUNROB,0.0,0.0,0.0
FUTGEO,0.0,0.0,0.0
GAFCOL,0.0,0.0,0.0
GAFMEG,0.0,279.5,0.0
FLYKAR,0.0,0.0,0.0
FLYDON,0.0,0.0,0.0
FLESCO,0.0,0.0,0.0
FLEPAT,0.0,0.0,0.0
DYMMICGL,0.0,0.0,0.0
DYOKIM,0.0,0.0,0.0
EARAND,0.0,0.0,0.0
EARWIL,0.0,0.0,0.0
EBEMEG,0.0,0.0,0.0
EBERIC,0.0,0.0,0.0
ELKHAL,0.0,0.0,0.0
ENAHOR,0.0,0.0,0.0
ENGARL,0.0,0.0,0.0
ERINOR,0.0,0.0,0.0
FALROB,0.0,0.0,0.0
FARFRA,0.0,0.0,0.0
FARYAS,0.0,166.4,0.0
FAUJOH,0.0,0.0,0.0
FAVJOS,0.0,0.0,0.0
FELAMY,0.0,0.0,0.0
FICUMB,0.0,0.0,0.0
FIDPHI,0.0,0.0,0.0
FIEJAM,0.0,2053.7,0.0
FIJPHI,0.0,0.0,0.0
FILPAU,0.0,0.0,0.0
FISJOH,0.0,0.0,0.0
FITROB,0.0,0.0,0.0
CHOKRI,0.0,0.0,0.0
CHEKAI,0.0,0.0,0.0
LOGSCO,0.0,0.0,0.0
BALSAM,0.0,0.0,0.0
ASCDAV,0.0,0.0,0.0
ATABAN,0.0,0.0,0.0
ATHJOH,0.0,0.0,0.0
ATTALA,0.0,0.0,0.0
AZIHAM,0.0,0.0,0.0
BACOLG,0.0,0.0,0.0
BACPETSB,0.0,0.0,0.0
BADATT,0.0,0.0,0.0
BAHMAN,0.0,0.0,0.0
BAKRUS,0.0,0.0,0.0
BALJOS,0.0,600.0,0.0
BALSAMWH,0.0,0.0,0.0
BEHBRICHI,0.0,0.0,0.0
BALSTE,0.0,0.0,0.0
BANROH,0.0,0.0,0.0
BANSTE,0.0,388.0,0.0
BAPBEN,0.0,0.0,0.0
BARDEN,0.0,0.0,0.0
BARKEV,0.0,0.0,0.0
BARMEEAR,0.0,0.0,0.0
BASMAR,0.0,0.0,0.0
BATGAR,0.0,0.0,0.0
BAUBRY,0.0,0.0,0.0
BECDEN,0.0,0.0,0.0
ARRJOS,0.0,0.0,0.0
ARNIVAMP,0.0,0.0,0.0
ARNIVA,0.0,0.0,0.0
ARIGIO,0.0,344.0,0.0
ACIALA,0.0,0.0,0.0
ACIMIC,0.0,0.0,0.0
ADAAMMHOM,0.0,0.0,0.0
ADATHOAH,0.0,0.0,0.0
ADHRUA,0.0,0.0,0.0
ADS,0.0,0.0,0.0
AKHJOS,0.0,0.0,0.0
ALBMONWA,0.0,0.0,0.0
ALERAU,0.0,0.0,0.0
ALGSHAVH,0.0,0.0,0.0
ALSDIN,0.0,0.0,0.0
ALSEMA,0.0,1900.0,0.0
ALSSUR,0.0,0.0,0.0
AMEDAV,0.0,0.0,0.0
ANDBRE,0.0,0.0,0.0
ANDDOU,0.0,0.0,0.0
ANDKRI,0.0,0.0,0.0
ANDKRICP,0.0,0.0,0.0
ANDSCO,0.0,0.0,0.0
ANGLEOCP1,0.0,0.0,0.0
ANSASICH,0.0,0.0,0.0
APTJAS,0.0,0.0,0.0
ARCEJOHN,0.0,0.0,0.0
BEEALL,0.0,0.0,0.0
BEIROS,0.0,0.0,0.0
CHEJAS,0.0,0.0,0.0
CAMWESHP,0.0,0.0,0.0
BRERIC,0.0,1552.0,0.0
BROCAR,0.0,0.0,0.0
BRONAT,0.0,0.0,0.0
BROTHO,0.0,0.0,0.0
BRYKER,0.0,0.0,0.0
BRZDANI,0.0,0.0,0.0
BURJON,0.0,0.0,0.0
BURSUS,0.0,0.0,0.0
CABSUS,0.0,0.0,0.0
CAHJAMIN,0.0,0.0,0.0
CAMWES,0.0,0.0,0.0
CANMIC,0.0,0.0,0.0
BELMAT,0.0,0.0,0.0
CANMICD1,0.0,0.0,0.0
CANMICMON,0.0,0.0,0.0
CARMAR,0.0,0.0,0.0
CARMATFL,0.0,0.0,0.0
CARPAT,0.0,0.0,0.0
CASGRA,0.0,0.0,0.0
CASLEN,0.0,24.99,0.0
CENJAN,0.0,0.0,0.0
CERGAI,0.0,0.0,0.0
CHANHWA,0.0,1107.0,0.0
CHEBAR,0.0,0.0,0.0
BRATHE,0.0,0.0,0.0
BRACHA,0.0,0.0,0.0
BOVJOHW,0.0,0.0,0.0
BOUMEL,0.0,0.0,0.0
BELTHO,0.0,0.0,0.0
BENKAT,0.0,450.0,0.0
BENMIC,0.0,0.0,0.0
BENVALPH,0.0,0.0,0.0
BERJOS,0.0,39.99,0.0
BERNIC,0.0,0.0,0.0
BERROB,0.0,0.0,0.0
BHAKAR,0.0,272.0,0.0
BHONIS,0.0,0.0,0.0
BISROB,0.0,0.0,0.0
BJOPAKU,0.0,0.0,0.0
BLABRE,0.0,0.0,0.0
BLADEB,0.0,0.0,0.0
BLAMAR,0.0,0.0,0.0
BLAMAT,0.0,0.0,0.0
BLENOW,0.0,0.0,0.0
BOCJER,0.0,0.0,0.0
BOGMIH,0.0,0.0,0.0
BOIPRIVH,0.0,0.0,0.0
BOLDEA,0.0,0.0,0.0
BORDAV,0.0,0.0,0.0
BORMAR,0.0,0.0,0.0
BOSREB,0.0,0.0,0.0
GALROB,0.0,0.0,0.0
GAMBRI,0.0,0.0,0.0
GARALP,0.0,0.0,0.0
KOCJEN,0.0,0.0,0.0
KENMARHL,0.0,0.0,0.0
KHAFAI,0.0,0.0,0.0
KHASAB,0.0,0.0,0.0
KHASABMP,0.0,0.0,0.0
KHASHO,0.0,0.0,0.0
KHASUM,0.0,0.0,0.0
KILJEF,0.0,0.0,0.0
KIMJON,0.0,0.0,0.0
KLEERIC,0.0,0.0,0.0
KMADAN,0.0,204.0,0.0
KMADANMUN,0.0,0.0,0.0
KOGJAM,0.0,0.0,0.0
KOSMICCHI,0.0,0.0,0.0
KOHKON,0.0,0.0,0.0
KOLANNCHI,0.0,0.0,0.0
KOLMAR,0.0,0.0,0.0
KOLMARFF,0.0,0.0,0.0
KORKEN,0.0,0.0,0.0
KORMIK,0.0,778.0,789.98
KORNAT,0.0,0.0,0.0
KOSDEN,0.0,0.0,0.0
KOSEWAMP,0.0,0.0,0.0
KOSFAY,0.0,0.0,0.0
KOSJOH,0.0,0.0,0.0
KENKAT,0.0,0.0,0.0
KEEBAR,0.0,0.0,0.0
KEAMICEL,0.0,0.0,0.0
KAVLAN,0.0,0.0,0.0
JOYALEJO,0.0,350.0,0.0
JUEDAV,0.0,0.0,0.0
JUMESAHL,0.0,0.0,0.0
JUNALE,0.0,0.0,0.0
KAKJAM,0.0,0.0,0.0
KAKMON,0.0,0.0,0.0
KAMFAR,0.0,0.0,0.0
KAMTIMIN,0.0,0.0,0.0
KANWOO,0.0,0.0,0.0
KAPLEO,0.0,0.0,0.0
KAPMOR,0.0,0.0,0.0
KAPSCO,0.0,0.0,0.0
KAPSIMHIN,0.0,194.0,0.0
KAPSIMOL,0.0,0.0,0.0
KARBRI,0.0,0.0,0.0
KARSPI,0.0,0.0,0.0
KASBEL,0.0,0.0,0.0
KASMAR,0.0,0.0,0.0
KASMICBR,0.0,0.0,0.0
KASMIK,0.0,0.0,0.0
KASNIK,0.0,0.0,0.0
KATPET,0.0,0.0,0.0
KAULOU,0.0,0.0,0.0
KOSMIC,0.0,0.0,0.0
KOUCAN,0.0,0.0,0.0
GATAND,0.0,0.0,0.0
LEVROR,0.0,0.0,0.0
LEESOOHE,0.0,0.0,0.0
LEESTEWES,0.0,0.0,0.0
LEETIM,0.0,0.0,0.0
LEGGAB,0.0,0.0,0.0
LEICAL,0.0,0.0,0.0
LEISHE,0.0,0.0,0.0
LEMLOR,0.0,0.0,0.0
LENTRA,0.0,0.0,0.0
LERRIC,0.0,194.0,0.0
LEURIN,0.0,0.0,0.0
LEURINSV,0.0,369.0,0.0
LEVSHI,0.0,0.0,0.0
KOUKEI2,0.0,0.0,0.0
LEZBEA,0.0,0.0,0.0
LIBALL,0.0,0.0,0.0
LIBSTE,0.0,0.0,0.0
LIGMAKWH,0.0,0.0,0.0
LIGMAR,0.0,194.0,0.0
LINGAR,0.0,0.0,0.0
LINVIN,0.0,0.0,0.0
LIPJAM,0.0,0.0,0.0
LOCCAR,0.0,0.0,0.0
LODPETAUR,0.0,0.0,0.0
LODPETYOR,0.0,0.0,0.0
LEEJONBER,0.0,0.0,0.0
LEEJAYRV,0.0,0.0,0.0
LEEJAY,0.0,0.0,0.0
LEEANT,0.0,0.0,0.0
KOVSTE,0.0,0.0,0.0
KOZDAV,0.0,0.0,0.0
KOZJOH,0.0,0.0,0.0
KOZJOHOL,0.0,0.0,0.0
KRAPET,0.0,0.0,0.0
KROERI,0.0,0.0,0.0
KROJAM,0.0,0.0,0.0
KROKEN,0.0,0.0,0.0
KUCWIL,0.0,0.0,0.0
KWITHO,0.0,0.0,0.0
LACMAT,0.0,0.0,0.0
LAGRIC,0.0,0.0,0.0
LAMLOR,0.0,0.0,0.0
LAMROB,0.0,0.0,0.0
LAPJEF,0.0,0.0,0.0
LATKIMPAL,0.0,0.0,0.0
LAUKAT,0.0,0.0,0.0
LAVANT,0.0,0.0,0.0
LAWSTE,0.0,0.0,0.0
LAYREE,0.0,0.0,0.0
LEBRAF,0.0,349.99,0.0
LEBRAFB,0.0,250.0,0.0
LEEALI,0.0,169.0,0.0
JOVIRE,0.0,0.0,0.0
JOUCYN,0.0,0.0,0.0
JONDONTP,0.0,0.0,0.0
GREPAU,0.0,0.0,0.0
GOVMON,0.0,100.0,0.0
GOYRAC,0.0,0.0,0.0
GRAALE,0.0,0.0,0.0
GRABEN,0.0,49.0,0.0
GRAKRYCH,0.0,128.7,0.0
GRARAV,0.0,0.0,0.0
GRAVICDES,0.0,0.0,0.0
GRAVICHE,0.0,0.0,0.0
GRAVICPR,0.0,0.0,0.0
GREDAN,0.0,0.0,0.0
GREGGA,0.0,0.0,0.0
GRIJAMO,0.0,0.0,0.0
JOHKEN,0.0,0.0,0.0
GRISTE,0.0,0.0,0.0
GROKONSCH,0.0,0.0,0.0
GRUJOH,0.0,0.0,0.0
GRUJOHCH,0.0,0.0,0.0
GUAMIC,0.0,0.0,0.0
GUDCHR,0.0,0.0,0.0
GUPKAV,0.0,0.0,0.0
GURPHI,0.0,0.0,0.0
GUZMAR,0.0,0.0,0.0
HAGKAI,0.0,0.0,0.0
HALJAS,0.0,0.0,0.0
GOTMAT,0.0,0.0,0.0
GORMIC,0.0,0.0,0.0
GORANG,0.0,0.0,0.0
GOPSAN,0.0,194.0,0.0
GATGUY,0.0,450.0,0.0
GATJOS,0.0,0.0,0.0
GENCHR,0.0,0.0,0.0
GENJEF,0.0,0.0,0.0
GENLAR,0.0,0.0,0.0
GENPAT,0.0,0.0,0.0
GEOCHR,0.0,0.0,0.0
GERGRE,0.0,0.0,0.0
GIAJOH,0.0,0.0,0.0
GIATAM,0.0,0.0,0.0
GIBCHI,0.0,0.0,0.0
GIEMEL,0.0,0.0,0.0
GIUKRI,0.0,0.0,0.0
GLAJEF,0.0,0.0,0.0
GOEDAN,0.0,0.0,0.0
GOEPAN,0.0,300.0,0.0
GOERON,0.0,0.0,0.0
GOLDCAR,0.0,0.0,0.0
GOLIRA,0.0,0.0,0.0
GOLLAR,0.0,0.0,0.0
GOLMICH,0.0,0.0,0.0
GONDMIC,0.0,0.0,0.0
GONPRA,0.0,0.0,0.0
HALLEN,0.0,0.0,0.0
HAMMATNAP,0.0,0.0,0.0
HAMWIL,0.0,0.0,0.0
HOLMAR,0.0,0.0,0.0
HOMBRI,0.0,0.0,0.0
HORANT,0.0,0.0,0.0
HRUHEA,0.0,0.0,0.0
HUDCHR,0.0,0.0,0.0
HUDJAM,0.0,0.0,0.0
HUFALI,0.0,0.0,0.0
HUFALIHIN,0.0,900.0,0.0
HUTFRA,0.0,0.0,0.0
HYDMAR,0.0,0.0,0.0
HYVIRE,0.0,0.0,0.0
INCFRA,0.0,0.0,0.0
INGDAV,0.0,0.0,0.0
IWAAGG,0.0,0.0,0.0
IZZKAR,0.0,0.0,0.0
JACERI,0.0,0.0,0.0
JAEJOH,0.0,0.0,0.0
JAIPRI,0.0,0.0,0.0
JAMDOU,0.0,0.0,0.0
JANJAM,0.0,0.0,0.0
JANJEF,0.0,0.0,0.0
JANKEL,0.0,0.0,0.0
JASMAR,0.0,0.0,0.0
JIMJOH,0.0,0.0,0.0
HOLMARLA,0.0,55.9,0.0
HOIWIL,0.0,0.0,0.0
HANJOO,0.0,0.0,0.0
HOGDAN,0.0,0.0,0.0
HANLAU,0.0,0.0,0.0
HANMIR,0.0,608.0,0.0
HANNID,0.0,0.0,0.0
HANPATSK,0.0,0.0,0.0
HARNIK,0.0,0.0,0.0
HARPET,0.0,0.0,0.0
HARRAC,0.0,0.0,0.0
HARRACHUN,0.0,0.0,0.0
HASJAC,0.0,439.4,0.0
HASJOS,0.0,0.0,0.0
HATMAR,0.0,0.0,0.0
HATUZM,0.0,0.0,0.0
HAUMARY,0.0,0.0,0.0
HAUTHE,0.0,0.0,0.0
HEAPAT,0.0,0.0,0.0
HEFBEN,0.0,0.0,0.0
HENCAR,0.0,0.0,0.0
HICBRI,0.0,0.0,0.0
HILEMI,0.0,0.0,0.0
HISBRA,0.0,0.0,0.0
HOFMIC,0.0,0.0,0.0
HOFSTE,0.0,0.0,0.0
HOFSTENW,0.0,0.0,0.0
ZWIJOH,0.0,0.0,0.0
